sheet,row,col,row_label,col_label,A,B,C,D,karger_fix,cbo_fix,total,interaction
F1,7,2,Slow AI · Reallocated shares · Proportional labor,total_with_macro_cit,8.16574765183793,8.16574765183793,8.01534691145987,8.01534691145987,0,-0.150400740378061,-0.150400740378061,0
F1,8,2,Slow AI · Reallocated shares · Compressive labor,total_with_macro_cit,4.73452914373081,4.73452914373081,4.58412840335275,4.58412840335275,0,-0.15040074037806,-0.15040074037806,0
F1,9,2,Slow AI · Reallocated shares · Expansive labor,total_with_macro_cit,11.6324516198077,11.6324516198077,11.4820508794297,11.4820508794297,0,-0.150400740378,-0.150400740378,0
F1,10,2,Moderate AI · Reallocated shares · Proportional labor,total_with_macro_cit,105.153773547655,113.882938771873,104.494761893696,113.264608019879,8.72916522421799,-0.659011653959013,8.110834472224,0.0406809019650183
F1,11,2,Moderate AI · Reallocated shares · Compressive labor,total_with_macro_cit,84.8475732441497,93.5426551472981,84.18856159019,92.9243243953035,8.69508190314841,-0.659011653959695,8.0767511511538,0.0406809019650893
F1,12,2,Moderate AI · Reallocated shares · Expansive labor,total_with_macro_cit,126.994510443822,135.766253786585,126.335498789863,135.147923034591,8.771743342763,-0.659011653958999,8.15341259076901,0.0406809019650041
F1,13,2,Rapid AI · Reallocated shares · Proportional labor,total_with_macro_cit,170.746253043999,202.156924775895,169.236170452785,200.79414919708,31.410671731896,-1.510082591214,30.047896153081,0.147307012399011
F1,14,2,Rapid AI · Reallocated shares · Compressive labor,total_with_macro_cit,131.703881974806,162.836403805557,130.193799383592,161.473628226743,31.132521830751,-1.510082591214,29.769746251937,0.147307012399978
F1,15,2,Rapid AI · Reallocated shares · Expansive labor,total_with_macro_cit,216.044660068707,247.694932174707,214.534577477494,246.332156595892,31.650272106,-1.51008259121301,30.287496527185,0.147307012398016
F2,7,3,Moderate AI · Reallocated shares · Proportional labor,delta_B,15.7351498494936,30.0077025141354,15.7351498494936,30.0077025141354,14.2725526646418,0,14.2725526646418,0
F2,8,3,Moderate AI · Reallocated shares · Compressive labor,delta_B,-4.5266729135019,9.71167065833561,-4.5266729135019,9.71167065833561,14.2383435718375,0,14.2383435718375,0
F2,9,3,Moderate AI · Reallocated shares · Expansive labor,delta_B,37.5102889930149,51.8252224882954,37.5102889930149,51.8252224882954,14.3149334952805,0,14.3149334952805,0
F2,10,3,Rapid AI · Reallocated shares · Proportional labor,delta_B,-36.0319710124613,15.6102845632649,-36.0319710124613,15.6102845632649,51.6422555757262,0,51.6422555757262,0
F2,11,3,Rapid AI · Reallocated shares · Compressive labor,delta_B,-74.7252766878519,-23.385412749124,-74.7252766878519,-23.385412749124,51.3398639387279,0,51.3398639387279,0
F2,12,3,Rapid AI · Reallocated shares · Expansive labor,delta_B,9.02976474219577,60.9230398695281,9.02976474219577,60.9230398695281,51.8932751273323,0,51.8932751273323,0
F2,13,3,Slow AI · Reallocated shares · Proportional labor,delta_B,-12.0475000680008,-12.0475000680008,-12.0475000680008,-12.0475000680008,0,0,0,0
F2,14,3,Slow AI · Reallocated shares · Compressive labor,delta_B,-15.4798500404941,-15.4798500404941,-15.4798500404941,-15.4798500404941,0,0,0,0
F2,15,3,Slow AI · Reallocated shares · Expansive labor,delta_B,-8.58025745691975,-8.58025745691975,-8.58025745691975,-8.58025745691975,0,0,0,0
F2,16,3,Moderate AI · Reallocated shares · Proportional labor,delta_B,52.7340772104844,49.4313684315475,52.7340772104844,49.4313684315475,-3.3027087789369,0,-3.3027087789369,0
F2,17,3,Moderate AI · Reallocated shares · Compressive labor,delta_B,52.7340772104844,49.4313684315475,52.7340772104844,49.4313684315475,-3.3027087789369,0,-3.3027087789369,0
F2,18,3,Moderate AI · Reallocated shares · Expansive labor,delta_B,52.7340772104844,49.4313684315475,52.7340772104844,49.4313684315475,-3.3027087789369,0,-3.3027087789369,0
F2,19,3,Rapid AI · Reallocated shares · Proportional labor,delta_B,122.932200326053,110.676210036276,122.932200326053,110.676210036276,-12.255990289777,0,-12.255990289777,0
F2,20,3,Rapid AI · Reallocated shares · Compressive labor,delta_B,122.932200326053,110.676210036276,122.932200326053,110.676210036276,-12.255990289777,0,-12.255990289777,0
F2,21,3,Rapid AI · Reallocated shares · Expansive labor,delta_B,122.932200326053,110.676210036276,122.932200326053,110.676210036276,-12.255990289777,0,-12.255990289777,0
F2,22,3,Slow AI · Reallocated shares · Proportional labor,delta_B,11.8507249604036,11.8507249604036,11.8507249604036,11.8507249604036,0,0,0,0
F2,23,3,Slow AI · Reallocated shares · Compressive labor,delta_B,11.8507249604036,11.8507249604036,11.8507249604036,11.8507249604036,0,0,0,0
F2,24,3,Slow AI · Reallocated shares · Expansive labor,delta_B,11.8507249604036,11.8507249604036,11.8507249604036,11.8507249604036,0,0,0,0
F2,25,3,Moderate AI · Reallocated shares · Proportional labor,delta_B,0.0257895279983131,0.0480621953411173,0.0257895279983131,0.0480621953411173,0.0222726673428042,0,0.0222726673428042,0
F2,26,3,Moderate AI · Reallocated shares · Compressive labor,delta_B,-0.0185880125118274,0.0038104265659058,-0.0185880125118274,0.0038104265659058,0.0223984390777332,0,0.0223984390777332,0
F2,27,3,Moderate AI · Reallocated shares · Expansive labor,delta_B,0.091387280644085,0.113857235893192,0.091387280644085,0.113857235893192,0.022469955249107,0,0.022469955249107,0
F2,28,3,Rapid AI · Reallocated shares · Proportional labor,delta_B,-0.155147368337566,0.063487409624031,-0.155147368337566,0.063487409624031,0.218634777961597,0,0.218634777961597,0
F2,29,3,Rapid AI · Reallocated shares · Compressive labor,delta_B,-0.504212762140014,-0.261336248324369,-0.504212762140014,-0.261336248324369,0.242876513815645,0,0.242876513815645,0
F2,30,3,Rapid AI · Reallocated shares · Expansive labor,delta_B,0.0815239017138083,0.288739502173485,0.0815239017138083,0.288739502173485,0.207215600459677,0,0.207215600459677,0
F2,31,3,Slow AI · Reallocated shares · Proportional labor,delta_B,-0.00379998303287721,-0.00379998303287721,-0.00379998303287721,-0.00379998303287721,0,0,0,0
F2,32,3,Slow AI · Reallocated shares · Compressive labor,delta_B,-0.0026685186467148,-0.0026685186467148,-0.0026685186467148,-0.0026685186467148,0,0,0,0
F2,33,3,Slow AI · Reallocated shares · Expansive labor,delta_B,-0.00433862614409009,-0.00433862614409009,-0.00433862614409009,-0.00433862614409009,0,0,0,0
F2,34,3,Moderate AI · Reallocated shares · Proportional labor,delta_B,36.658756959679,34.3958056308491,35.9997453057193,33.7774748788545,-2.26295132882991,-0.659011653959702,-2.88128208082451,0.0406809019651035
F2,35,3,Moderate AI · Reallocated shares · Compressive labor,delta_B,36.658756959679,34.3958056308491,35.9997453057193,33.7774748788545,-2.26295132882991,-0.659011653959702,-2.88128208082451,0.0406809019651035
F2,36,3,Moderate AI · Reallocated shares · Expansive labor,delta_B,36.658756959679,34.3958056308491,35.9997453057193,33.7774748788545,-2.26295132882991,-0.659011653959702,-2.88128208082451,0.0406809019651035
F2,37,3,Rapid AI · Reallocated shares · Proportional labor,delta_B,84.0011710987443,75.8069427667295,82.4910885075308,74.4441671879153,-8.19422833201479,-1.51008259121349,-9.557003910829,0.147307012399281
F2,38,3,Rapid AI · Reallocated shares · Compressive labor,delta_B,84.0011710987443,75.8069427667295,82.4910885075308,74.4441671879153,-8.19422833201479,-1.51008259121349,-9.557003910829,0.147307012399281
F2,39,3,Rapid AI · Reallocated shares · Expansive labor,delta_B,84.0011710987443,75.8069427667295,82.4910885075308,74.4441671879153,-8.19422833201479,-1.51008259121349,-9.557003910829,0.147307012399281
F2,40,3,Slow AI · Reallocated shares · Proportional labor,delta_B,8.36632274246801,8.36632274246801,8.21592200208995,8.21592200208995,0,-0.150400740378061,-0.150400740378061,0
F2,41,3,Slow AI · Reallocated shares · Compressive labor,delta_B,8.36632274246801,8.36632274246801,8.21592200208995,8.21592200208995,0,-0.150400740378061,-0.150400740378061,0
F2,42,3,Slow AI · Reallocated shares · Expansive labor,delta_B,8.36632274246801,8.36632274246801,8.21592200208995,8.21592200208995,0,-0.150400740378061,-0.150400740378061,0
F3,7,5,Slow AI · Reallocated shares · Proportional labor,delta,8.36632274246801,8.36632274246801,8.21592200208995,8.21592200208995,0,-0.150400740378061,-0.150400740378061,0
F3,7,6,Slow AI · Reallocated shares · Proportional labor,delta_R_CIT,8.36632274246801,8.36632274246801,8.21592200208995,8.21592200208995,0,-0.150400740378061,-0.150400740378061,0
F3,8,3,Slow AI · Reallocated shares · Proportional labor,baseline,-100.96774507013,-100.96774507013,-100.96774507013,-100.96774507013,0,0,0,0
F3,8,4,Slow AI · Reallocated shares · Proportional labor,counterfactual,-101.336467661375,-101.336467661375,-101.336467661375,-101.336467661375,0,0,0,0
F3,8,5,Slow AI · Reallocated shares · Proportional labor,delta,-0.368722591245188,-0.368722591245188,-0.368722591245188,-0.368722591245188,0,0,0,0
F3,8,6,Slow AI · Reallocated shares · Proportional labor,delta_R_CIT,8.36632274246801,8.36632274246801,8.21592200208995,8.21592200208995,0,-0.150400740378061,-0.150400740378061,0
F3,9,3,Slow AI · Reallocated shares · Proportional labor,baseline,3010.43359034049,3010.43359034049,3010.43359034049,3010.43359034049,0,0,0,0
F3,9,4,Slow AI · Reallocated shares · Proportional labor,counterfactual,3014.36905035138,3014.36905035138,3014.36905035138,3014.36905035138,0,0,0,0
F3,9,5,Slow AI · Reallocated shares · Proportional labor,delta,3.93546001088544,3.93546001088544,3.93546001088544,3.93546001088544,0,0,0,0
F3,9,6,Slow AI · Reallocated shares · Proportional labor,delta_R_CIT,8.36632274246801,8.36632274246801,8.21592200208995,8.21592200208995,0,-0.150400740378061,-0.150400740378061,0
F3,10,3,Slow AI · Reallocated shares · Proportional labor,baseline,1970.92352019412,1970.92352019412,1970.92352019412,1970.92352019412,0,0,0,0
F3,10,4,Slow AI · Reallocated shares · Proportional labor,counterfactual,1967.15620768385,1967.15620768385,1967.15620768385,1967.15620768385,0,0,0,0
F3,10,5,Slow AI · Reallocated shares · Proportional labor,delta,-3.7673125102699,-3.7673125102699,-3.7673125102699,-3.7673125102699,0,0,0,0
F3,10,6,Slow AI · Reallocated shares · Proportional labor,delta_R_CIT,8.36632274246801,8.36632274246801,8.21592200208995,8.21592200208995,0,-0.150400740378061,-0.150400740378061,0
F3,11,5,Slow AI · Reallocated shares · Compressive labor,delta,8.36632274246801,8.36632274246801,8.21592200208995,8.21592200208995,0,-0.150400740378061,-0.150400740378061,0
F3,11,6,Slow AI · Reallocated shares · Compressive labor,delta_R_CIT,8.36632274246801,8.36632274246801,8.21592200208995,8.21592200208995,0,-0.150400740378061,-0.150400740378061,0
F3,12,3,Slow AI · Reallocated shares · Compressive labor,baseline,-100.96774507013,-100.96774507013,-100.96774507013,-100.96774507013,0,0,0,0
F3,12,4,Slow AI · Reallocated shares · Compressive labor,counterfactual,-100.250164843803,-100.250164843803,-100.250164843803,-100.250164843803,0,0,0,0
F3,12,5,Slow AI · Reallocated shares · Compressive labor,delta,0.717580226326447,0.717580226326447,0.717580226326447,0.717580226326447,0,0,0,0
F3,12,6,Slow AI · Reallocated shares · Compressive labor,delta_R_CIT,8.36632274246801,8.36632274246801,8.21592200208995,8.21592200208995,0,-0.150400740378061,-0.150400740378061,0
F3,13,3,Slow AI · Reallocated shares · Compressive labor,baseline,3010.43359034049,3010.43359034049,3010.43359034049,3010.43359034049,0,0,0,0
F3,13,4,Slow AI · Reallocated shares · Compressive labor,counterfactual,3005.71138880988,3005.71138880988,3005.71138880988,3005.71138880988,0,0,0,0
F3,13,5,Slow AI · Reallocated shares · Compressive labor,delta,-4.72220153060562,-4.72220153060562,-4.72220153060562,-4.72220153060562,0,0,0,0
F3,13,6,Slow AI · Reallocated shares · Compressive labor,delta_R_CIT,8.36632274246801,8.36632274246801,8.21592200208995,8.21592200208995,0,-0.150400740378061,-0.150400740378061,0
F3,14,3,Slow AI · Reallocated shares · Compressive labor,baseline,1970.92352019412,1970.92352019412,1970.92352019412,1970.92352019412,0,0,0,0
F3,14,4,Slow AI · Reallocated shares · Compressive labor,counterfactual,1971.29634789966,1971.29634789966,1971.29634789966,1971.29634789966,0,0,0,0
F3,14,5,Slow AI · Reallocated shares · Compressive labor,delta,0.372827705542704,0.372827705542704,0.372827705542704,0.372827705542704,0,0,0,0
F3,14,6,Slow AI · Reallocated shares · Compressive labor,delta_R_CIT,8.36632274246801,8.36632274246801,8.21592200208995,8.21592200208995,0,-0.150400740378061,-0.150400740378061,0
F3,15,5,Slow AI · Reallocated shares · Expansive labor,delta,8.36632274246801,8.36632274246801,8.21592200208995,8.21592200208995,0,-0.150400740378061,-0.150400740378061,0
F3,15,6,Slow AI · Reallocated shares · Expansive labor,delta_R_CIT,8.36632274246801,8.36632274246801,8.21592200208995,8.21592200208995,0,-0.150400740378061,-0.150400740378061,0
F3,16,3,Slow AI · Reallocated shares · Expansive labor,baseline,-100.96774507013,-100.96774507013,-100.96774507013,-100.96774507013,0,0,0,0
F3,16,4,Slow AI · Reallocated shares · Expansive labor,counterfactual,-102.420857738251,-102.420857738251,-102.420857738251,-102.420857738251,0,0,0,0
F3,16,5,Slow AI · Reallocated shares · Expansive labor,delta,-1.45311266812115,-1.45311266812115,-1.45311266812115,-1.45311266812115,0,0,0,0
F3,16,6,Slow AI · Reallocated shares · Expansive labor,delta_R_CIT,8.36632274246801,8.36632274246801,8.21592200208995,8.21592200208995,0,-0.150400740378061,-0.150400740378061,0
F3,17,3,Slow AI · Reallocated shares · Expansive labor,baseline,3010.43359034049,3010.43359034049,3010.43359034049,3010.43359034049,0,0,0,0
F3,17,4,Slow AI · Reallocated shares · Expansive labor,counterfactual,3023.09080252894,3023.09080252894,3023.09080252894,3023.09080252894,0,0,0,0
F3,17,5,Slow AI · Reallocated shares · Expansive labor,delta,12.6572121884519,12.6572121884519,12.6572121884519,12.6572121884519,0,0,0,0
F3,17,6,Slow AI · Reallocated shares · Expansive labor,delta_R_CIT,8.36632274246801,8.36632274246801,8.21592200208995,8.21592200208995,0,-0.150400740378061,-0.150400740378061,0
F3,18,3,Slow AI · Reallocated shares · Expansive labor,baseline,1970.92352019412,1970.92352019412,1970.92352019412,1970.92352019412,0,0,0,0
F3,18,4,Slow AI · Reallocated shares · Expansive labor,counterfactual,1962.98554955113,1962.98554955113,1962.98554955113,1962.98554955113,0,0,0,0
F3,18,5,Slow AI · Reallocated shares · Expansive labor,delta,-7.93797064299088,-7.93797064299088,-7.93797064299088,-7.93797064299088,0,0,0,0
F3,18,6,Slow AI · Reallocated shares · Expansive labor,delta_R_CIT,8.36632274246801,8.36632274246801,8.21592200208995,8.21592200208995,0,-0.150400740378061,-0.150400740378061,0
F3,19,5,Moderate AI · Reallocated shares · Proportional labor,delta,36.658756959679,34.3958056308491,35.9997453057193,33.7774748788545,-2.26295132882991,-0.659011653959702,-2.88128208082451,0.0406809019651035
F3,19,6,Moderate AI · Reallocated shares · Proportional labor,delta_R_CIT,36.658756959679,34.3958056308491,35.9997453057193,33.7774748788545,-2.26295132882991,-0.659011653959702,-2.88128208082451,0.0406809019651035
F3,20,3,Moderate AI · Reallocated shares · Proportional labor,baseline,-100.96774507013,-100.96774507013,-100.96774507013,-100.96774507013,0,0,0,0
F3,20,4,Moderate AI · Reallocated shares · Proportional labor,counterfactual,-100.344407038839,-99.8892532720676,-100.344407038839,-99.8892532720676,0.455153766771389,0,0.455153766771389,0
F3,20,5,Moderate AI · Reallocated shares · Proportional labor,delta,0.623338031290842,1.07849179806213,0.623338031290842,1.07849179806213,0.455153766771288,0,0.455153766771288,0
F3,20,6,Moderate AI · Reallocated shares · Proportional labor,delta_R_CIT,36.658756959679,34.3958056308491,35.9997453057193,33.7774748788545,-2.26295132882991,-0.659011653959702,-2.88128208082451,0.0406809019651035
F3,21,3,Moderate AI · Reallocated shares · Proportional labor,baseline,3010.43359034049,3010.43359034049,3010.43359034049,3010.43359034049,0,0,0,0
F3,21,4,Moderate AI · Reallocated shares · Proportional labor,counterfactual,3073.39510856483,3079.4865976585,3073.39510856483,3079.4865976585,6.09148909367013,0,6.09148909367013,0
F3,21,5,Moderate AI · Reallocated shares · Proportional labor,delta,62.9615182243424,69.0530073180144,62.9615182243424,69.0530073180144,6.091489093672,0,6.091489093672,0
F3,21,6,Moderate AI · Reallocated shares · Proportional labor,delta_R_CIT,36.658756959679,34.3958056308491,35.9997453057193,33.7774748788545,-2.26295132882991,-0.659011653959702,-2.88128208082451,0.0406809019651035
F3,22,3,Moderate AI · Reallocated shares · Proportional labor,baseline,1970.92352019412,1970.92352019412,1970.92352019412,1970.92352019412,0,0,0,0
F3,22,4,Moderate AI · Reallocated shares · Proportional labor,counterfactual,1975.83368052646,1980.27915421907,1975.83368052646,1980.27915421907,4.44547369260999,0,4.44547369260999,0
F3,22,5,Moderate AI · Reallocated shares · Proportional labor,delta,4.91016033234359,9.3556340249479,4.91016033234359,9.3556340249479,4.44547369260431,0,4.44547369260431,0
F3,22,6,Moderate AI · Reallocated shares · Proportional labor,delta_R_CIT,36.658756959679,34.3958056308491,35.9997453057193,33.7774748788545,-2.26295132882991,-0.659011653959702,-2.88128208082451,0.0406809019651035
F3,23,5,Moderate AI · Reallocated shares · Compressive labor,delta,36.658756959679,34.3958056308491,35.9997453057193,33.7774748788545,-2.26295132882991,-0.659011653959702,-2.88128208082451,0.0406809019651035
F3,23,6,Moderate AI · Reallocated shares · Compressive labor,delta_R_CIT,36.658756959679,34.3958056308491,35.9997453057193,33.7774748788545,-2.26295132882991,-0.659011653959702,-2.88128208082451,0.0406809019651035
F3,24,3,Moderate AI · Reallocated shares · Compressive labor,baseline,-100.96774507013,-100.96774507013,-100.96774507013,-100.96774507013,0,0,0,0
F3,24,4,Moderate AI · Reallocated shares · Compressive labor,counterfactual,-93.6888221250927,-93.2193727258138,-93.6888221250927,-93.2193727258138,0.469449399278901,0,0.469449399278901,0
F3,24,5,Moderate AI · Reallocated shares · Compressive labor,delta,7.27892294503704,7.74837234431591,7.27892294503704,7.74837234431591,0.46944939927887,0,0.46944939927887,0
F3,24,6,Moderate AI · Reallocated shares · Compressive labor,delta_R_CIT,36.658756959679,34.3958056308491,35.9997453057193,33.7774748788545,-2.26295132882991,-0.659011653959702,-2.88128208082451,0.0406809019651035
F3,25,3,Moderate AI · Reallocated shares · Compressive labor,baseline,3010.43359034049,3010.43359034049,3010.43359034049,3010.43359034049,0,0,0,0
F3,25,4,Moderate AI · Reallocated shares · Compressive labor,counterfactual,3021.5554073223,3027.49767610528,3021.5554073223,3027.49767610528,5.94226878297968,0,5.94226878297968,0
F3,25,5,Moderate AI · Reallocated shares · Compressive labor,delta,11.121816981813,17.064085764795,11.121816981813,17.064085764795,5.942268782982,0,5.942268782982,0
F3,25,6,Moderate AI · Reallocated shares · Compressive labor,delta_R_CIT,36.658756959679,34.3958056308491,35.9997453057193,33.7774748788545,-2.26295132882991,-0.659011653959702,-2.88128208082451,0.0406809019651035
F3,26,3,Moderate AI · Reallocated shares · Compressive labor,baseline,1970.92352019412,1970.92352019412,1970.92352019412,1970.92352019412,0,0,0,0
F3,26,4,Moderate AI · Reallocated shares · Compressive labor,counterfactual,2000.71159655174,2005.25791160146,2000.71159655174,2005.25791160146,4.54631504971985,0,4.54631504971985,0
F3,26,5,Moderate AI · Reallocated shares · Compressive labor,delta,29.7880763576211,34.3343914073391,29.7880763576211,34.3343914073391,4.546315049718,0,4.546315049718,0
F3,26,6,Moderate AI · Reallocated shares · Compressive labor,delta_R_CIT,36.658756959679,34.3958056308491,35.9997453057193,33.7774748788545,-2.26295132882991,-0.659011653959702,-2.88128208082451,0.0406809019651035
F3,27,5,Moderate AI · Reallocated shares · Expansive labor,delta,36.658756959679,34.3958056308491,35.9997453057193,33.7774748788545,-2.26295132882991,-0.659011653959702,-2.88128208082451,0.0406809019651035
F3,27,6,Moderate AI · Reallocated shares · Expansive labor,delta_R_CIT,36.658756959679,34.3958056308491,35.9997453057193,33.7774748788545,-2.26295132882991,-0.659011653959702,-2.88128208082451,0.0406809019651035
F3,28,3,Moderate AI · Reallocated shares · Expansive labor,baseline,-100.96774507013,-100.96774507013,-100.96774507013,-100.96774507013,0,0,0,0
F3,28,4,Moderate AI · Reallocated shares · Expansive labor,counterfactual,-106.858683756629,-106.418859519679,-106.858683756629,-106.418859519679,0.439824236950003,0,0.439824236950003,0
F3,28,5,Moderate AI · Reallocated shares · Expansive labor,delta,-5.89093868649896,-5.45111444954932,-5.89093868649896,-5.45111444954932,0.43982423694964,0,0.43982423694964,0
F3,28,6,Moderate AI · Reallocated shares · Expansive labor,delta_R_CIT,36.658756959679,34.3958056308491,35.9997453057193,33.7774748788545,-2.26295132882991,-0.659011653959702,-2.88128208082451,0.0406809019651035
F3,29,3,Moderate AI · Reallocated shares · Expansive labor,baseline,3010.43359034049,3010.43359034049,3010.43359034049,3010.43359034049,0,0,0,0
F3,29,4,Moderate AI · Reallocated shares · Expansive labor,counterfactual,3127.66863442254,3133.91702913126,3127.66863442254,3133.91702913126,6.24839470871984,0,6.24839470871984,0
F3,29,5,Moderate AI · Reallocated shares · Expansive labor,delta,117.235044082048,123.483438790769,117.235044082048,123.483438790769,6.24839470872099,0,6.24839470872099,0
F3,29,6,Moderate AI · Reallocated shares · Expansive labor,delta_R_CIT,36.658756959679,34.3958056308491,35.9997453057193,33.7774748788545,-2.26295132882991,-0.659011653959702,-2.88128208082451,0.0406809019651035
F3,30,3,Moderate AI · Reallocated shares · Expansive labor,baseline,1970.92352019412,1970.92352019412,1970.92352019412,1970.92352019412,0,0,0,0
F3,30,4,Moderate AI · Reallocated shares · Expansive labor,counterfactual,1949.91516828272,1954.26164400864,1949.91516828272,1954.26164400864,4.34647572591985,0,4.34647572591985,0
F3,30,5,Moderate AI · Reallocated shares · Expansive labor,delta,-21.0083519114044,-16.6618761854836,-21.0083519114044,-16.6618761854836,4.3464757259208,0,4.3464757259208,0
F3,30,6,Moderate AI · Reallocated shares · Expansive labor,delta_R_CIT,36.658756959679,34.3958056308491,35.9997453057193,33.7774748788545,-2.26295132882991,-0.659011653959702,-2.88128208082451,0.0406809019651035
F3,31,5,Rapid AI · Reallocated shares · Proportional labor,delta,84.0011710987443,75.8069427667295,82.4910885075308,74.4441671879153,-8.19422833201479,-1.51008259121349,-9.557003910829,0.147307012399281
F3,31,6,Rapid AI · Reallocated shares · Proportional labor,delta_R_CIT,84.0011710987443,75.8069427667295,82.4910885075308,74.4441671879153,-8.19422833201479,-1.51008259121349,-9.557003910829,0.147307012399281
F3,32,3,Rapid AI · Reallocated shares · Proportional labor,baseline,-100.96774507013,-100.96774507013,-100.96774507013,-100.96774507013,0,0,0,0
F3,32,4,Rapid AI · Reallocated shares · Proportional labor,counterfactual,-101.895654142962,-100.229912849212,-101.895654142962,-100.229912849212,1.66574129375,0,1.66574129375,0
F3,32,5,Rapid AI · Reallocated shares · Proportional labor,delta,-0.927909072832591,0.737832220917753,-0.927909072832591,0.737832220917753,1.66574129375034,0,1.66574129375034,0
F3,32,6,Rapid AI · Reallocated shares · Proportional labor,delta_R_CIT,84.0011710987443,75.8069427667295,82.4910885075308,74.4441671879153,-8.19422833201479,-1.51008259121349,-9.557003910829,0.147307012399281
F3,33,3,Rapid AI · Reallocated shares · Proportional labor,baseline,3010.43359034049,3010.43359034049,3010.43359034049,3010.43359034049,0,0,0,0
F3,33,4,Rapid AI · Reallocated shares · Proportional labor,counterfactual,3109.39525163244,3131.17450717651,3109.39525163244,3131.17450717651,21.7792555440701,0,21.7792555440701,0
F3,33,5,Rapid AI · Reallocated shares · Proportional labor,delta,98.9616612919495,120.740916836021,98.9616612919495,120.740916836021,21.7792555440715,0,21.7792555440715,0
F3,33,6,Rapid AI · Reallocated shares · Proportional labor,delta_R_CIT,84.0011710987443,75.8069427667295,82.4910885075308,74.4441671879153,-8.19422833201479,-1.51008259121349,-9.557003910829,0.147307012399281
F3,34,3,Rapid AI · Reallocated shares · Proportional labor,baseline,1970.92352019412,1970.92352019412,1970.92352019412,1970.92352019412,0,0,0,0
F3,34,4,Rapid AI · Reallocated shares · Proportional labor,counterfactual,1959.63484992026,1975.79475314635,1959.63484992026,1975.79475314635,16.1599032260901,0,16.1599032260901,0
F3,34,5,Rapid AI · Reallocated shares · Proportional labor,delta,-11.2886702738613,4.87123295222636,-11.2886702738613,4.87123295222636,16.1599032260877,0,16.1599032260877,0
F3,34,6,Rapid AI · Reallocated shares · Proportional labor,delta_R_CIT,84.0011710987443,75.8069427667295,82.4910885075308,74.4441671879153,-8.19422833201479,-1.51008259121349,-9.557003910829,0.147307012399281
F3,35,5,Rapid AI · Reallocated shares · Compressive labor,delta,84.0011710987443,75.8069427667295,82.4910885075308,74.4441671879153,-8.19422833201479,-1.51008259121349,-9.557003910829,0.147307012399281
F3,35,6,Rapid AI · Reallocated shares · Compressive labor,delta_R_CIT,84.0011710987443,75.8069427667295,82.4910885075308,74.4441671879153,-8.19422833201479,-1.51008259121349,-9.557003910829,0.147307012399281
F3,36,3,Rapid AI · Reallocated shares · Compressive labor,baseline,-100.96774507013,-100.96774507013,-100.96774507013,-100.96774507013,0,0,0,0
F3,36,4,Rapid AI · Reallocated shares · Compressive labor,counterfactual,-88.5670719690749,-86.8208685103625,-88.5670719690749,-86.8208685103625,1.7462034587124,0,1.7462034587124,0
F3,36,5,Rapid AI · Reallocated shares · Compressive labor,delta,12.4006731010548,14.1468765597672,12.4006731010548,14.1468765597672,1.7462034587124,0,1.7462034587124,0
F3,36,6,Rapid AI · Reallocated shares · Compressive labor,delta_R_CIT,84.0011710987443,75.8069427667295,82.4910885075308,74.4441671879153,-8.19422833201479,-1.51008259121349,-9.557003910829,0.147307012399281
F3,37,3,Rapid AI · Reallocated shares · Compressive labor,baseline,3010.43359034049,3010.43359034049,3010.43359034049,3010.43359034049,0,0,0,0
F3,37,4,Rapid AI · Reallocated shares · Compressive labor,counterfactual,3009.05463444814,3029.7503330047,3009.05463444814,3029.7503330047,20.6956985565603,0,20.6956985565603,0
F3,37,5,Rapid AI · Reallocated shares · Compressive labor,delta,-1.37895589235222,19.3167426642071,-1.37895589235222,19.3167426642071,20.6956985565593,0,20.6956985565593,0
F3,37,6,Rapid AI · Reallocated shares · Compressive labor,delta_R_CIT,84.0011710987443,75.8069427667295,82.4910885075308,74.4441671879153,-8.19422833201479,-1.51008259121349,-9.557003910829,0.147307012399281
F3,38,3,Rapid AI · Reallocated shares · Compressive labor,baseline,1970.92352019412,1970.92352019412,1970.92352019412,1970.92352019412,0,0,0,0
F3,38,4,Rapid AI · Reallocated shares · Compressive labor,counterfactual,2007.60451386148,2024.48936200897,2007.60451386148,2024.48936200897,16.8848481474899,0,16.8848481474899,0
F3,38,5,Rapid AI · Reallocated shares · Compressive labor,delta,36.6809936673592,53.5658418148544,36.6809936673592,53.5658418148544,16.8848481474952,0,16.8848481474952,0
F3,38,6,Rapid AI · Reallocated shares · Compressive labor,delta_R_CIT,84.0011710987443,75.8069427667295,82.4910885075308,74.4441671879153,-8.19422833201479,-1.51008259121349,-9.557003910829,0.147307012399281
F3,39,5,Rapid AI · Reallocated shares · Expansive labor,delta,84.0011710987443,75.8069427667295,82.4910885075308,74.4441671879153,-8.19422833201479,-1.51008259121349,-9.557003910829,0.147307012399281
F3,39,6,Rapid AI · Reallocated shares · Expansive labor,delta_R_CIT,84.0011710987443,75.8069427667295,82.4910885075308,74.4441671879153,-8.19422833201479,-1.51008259121349,-9.557003910829,0.147307012399281
F3,40,3,Rapid AI · Reallocated shares · Expansive labor,baseline,-100.96774507013,-100.96774507013,-100.96774507013,-100.96774507013,0,0,0,0
F3,40,4,Rapid AI · Reallocated shares · Expansive labor,counterfactual,-114.468920469056,-112.964773527375,-114.468920469056,-112.964773527375,1.504146941681,0,1.504146941681,0
F3,40,5,Rapid AI · Reallocated shares · Expansive labor,delta,-13.5011753989266,-11.9970284572449,-13.5011753989266,-11.9970284572449,1.5041469416817,0,1.5041469416817,0
F3,40,6,Rapid AI · Reallocated shares · Expansive labor,delta_R_CIT,84.0011710987443,75.8069427667295,82.4910885075308,74.4441671879153,-8.19422833201479,-1.51008259121349,-9.557003910829,0.147307012399281
F3,41,3,Rapid AI · Reallocated shares · Expansive labor,baseline,3010.43359034049,3010.43359034049,3010.43359034049,3010.43359034049,0,0,0,0
F3,41,4,Rapid AI · Reallocated shares · Expansive labor,counterfactual,3219.40250129783,3242.30436050558,3219.40250129783,3242.30436050558,22.90185920775,0,22.90185920775,0
F3,41,5,Rapid AI · Reallocated shares · Expansive labor,delta,208.968910957338,231.870770165091,208.968910957338,231.870770165091,22.901859207753,0,22.901859207753,0
F3,41,6,Rapid AI · Reallocated shares · Expansive labor,delta_R_CIT,84.0011710987443,75.8069427667295,82.4910885075308,74.4441671879153,-8.19422833201479,-1.51008259121349,-9.557003910829,0.147307012399281
F3,42,3,Rapid AI · Reallocated shares · Expansive labor,baseline,1970.92352019412,1970.92352019412,1970.92352019412,1970.92352019412,0,0,0,0
F3,42,4,Rapid AI · Reallocated shares · Expansive labor,counterfactual,1907.49927360567,1922.93776789425,1907.49927360567,1922.93776789425,15.4384942885802,0,15.4384942885802,0
F3,42,5,Rapid AI · Reallocated shares · Expansive labor,delta,-63.4242465884479,-47.985752299868,-63.4242465884479,-47.985752299868,15.4384942885799,0,15.4384942885799,0
F3,42,6,Rapid AI · Reallocated shares · Expansive labor,delta_R_CIT,84.0011710987443,75.8069427667295,82.4910885075308,74.4441671879153,-8.19422833201479,-1.51008259121349,-9.557003910829,0.147307012399281
F4,7,2,Moderate AI · Reallocated shares · Proportional labor,Revenue (Microsimulation),68.4950165879764,79.4871331410241,68.4950165879764,79.4871331410241,10.9921165530477,0,10.9921165530477,0
F4,7,3,Moderate AI · Reallocated shares · Proportional labor,Revenue (Macro CIT),36.658756959679,34.3958056308491,35.9997453057193,33.7774748788545,-2.26295132882991,-0.659011653959702,-2.88128208082451,0.0406809019651035
F4,7,4,Moderate AI · Reallocated shares · Proportional labor,Change in Total Revenue,105.153773547655,113.882938771873,104.494761893696,113.264608019879,8.72916522421799,-0.659011653959013,8.110834472224,0.0406809019650183
F4,7,5,Moderate AI · Reallocated shares · Proportional labor,Gross Factor Income Expansion,404.350262630913,441.530599436801,404.350262630913,441.530599436801,37.180336805888,0,37.180336805888,0
F4,8,2,Moderate AI · Reallocated shares · Compressive labor,Revenue (Microsimulation),48.1888162844707,59.146849516449,48.1888162844707,59.146849516449,10.9580332319783,0,10.9580332319783,0
F4,8,3,Moderate AI · Reallocated shares · Compressive labor,Revenue (Macro CIT),36.658756959679,34.3958056308491,35.9997453057193,33.7774748788545,-2.26295132882991,-0.659011653959702,-2.88128208082451,0.0406809019651035
F4,8,4,Moderate AI · Reallocated shares · Compressive labor,Change in Total Revenue,84.8475732441497,93.5426551472981,84.18856159019,92.9243243953035,8.69508190314841,-0.659011653959695,8.0767511511538,0.0406809019650893
F4,8,5,Moderate AI · Reallocated shares · Compressive labor,Gross Factor Income Expansion,404.350262630913,441.530599436801,404.350262630913,441.530599436801,37.180336805888,0,37.180336805888,0
F4,9,2,Moderate AI · Reallocated shares · Expansive labor,Revenue (Microsimulation),90.3357534841434,101.370448155736,90.3357534841434,101.370448155736,11.0346946715926,0,11.0346946715926,0
F4,9,3,Moderate AI · Reallocated shares · Expansive labor,Revenue (Macro CIT),36.658756959679,34.3958056308491,35.9997453057193,33.7774748788545,-2.26295132882991,-0.659011653959702,-2.88128208082451,0.0406809019651035
F4,9,4,Moderate AI · Reallocated shares · Expansive labor,Change in Total Revenue,126.994510443822,135.766253786585,126.335498789863,135.147923034591,8.771743342763,-0.659011653958999,8.15341259076901,0.0406809019650041
F4,9,5,Moderate AI · Reallocated shares · Expansive labor,Gross Factor Income Expansion,404.350262630913,441.530599436801,404.350262630913,441.530599436801,37.180336805888,0,37.180336805888,0
F4,10,2,Rapid AI · Reallocated shares · Proportional labor,Revenue (Microsimulation),86.7450819452543,126.349982009165,86.7450819452543,126.349982009165,39.6049000639107,0,39.6049000639107,0
F4,10,3,Rapid AI · Reallocated shares · Proportional labor,Revenue (Macro CIT),84.0011710987443,75.8069427667295,82.4910885075308,74.4441671879153,-8.19422833201479,-1.51008259121349,-9.557003910829,0.147307012399281
F4,10,4,Rapid AI · Reallocated shares · Proportional labor,Change in Total Revenue,170.746253043999,202.156924775895,169.236170452785,200.79414919708,31.410671731896,-1.510082591214,30.047896153081,0.147307012399011
F4,10,5,Rapid AI · Reallocated shares · Proportional labor,Gross Factor Income Expansion,632.501080833316,767.132420609509,632.501080833316,767.132420609509,134.631339776193,0,134.631339776193,0
F4,11,2,Rapid AI · Reallocated shares · Compressive labor,Revenue (Microsimulation),47.7027108760613,87.0294610388273,47.7027108760613,87.0294610388273,39.326750162766,0,39.326750162766,0
F4,11,3,Rapid AI · Reallocated shares · Compressive labor,Revenue (Macro CIT),84.0011710987443,75.8069427667295,82.4910885075308,74.4441671879153,-8.19422833201479,-1.51008259121349,-9.557003910829,0.147307012399281
F4,11,4,Rapid AI · Reallocated shares · Compressive labor,Change in Total Revenue,131.703881974806,162.836403805557,130.193799383592,161.473628226743,31.132521830751,-1.510082591214,29.769746251937,0.147307012399978
F4,11,5,Rapid AI · Reallocated shares · Compressive labor,Gross Factor Income Expansion,632.501080833316,767.132420609509,632.501080833316,767.132420609509,134.631339776193,0,134.631339776193,0
F4,12,2,Rapid AI · Reallocated shares · Expansive labor,Revenue (Microsimulation),132.043488969963,171.887989407977,132.043488969963,171.887989407977,39.844500438014,0,39.844500438014,0
F4,12,3,Rapid AI · Reallocated shares · Expansive labor,Revenue (Macro CIT),84.0011710987443,75.8069427667295,82.4910885075308,74.4441671879153,-8.19422833201479,-1.51008259121349,-9.557003910829,0.147307012399281
F4,12,4,Rapid AI · Reallocated shares · Expansive labor,Change in Total Revenue,216.044660068707,247.694932174707,214.534577477494,246.332156595892,31.650272106,-1.51008259121301,30.287496527185,0.147307012398016
F4,12,5,Rapid AI · Reallocated shares · Expansive labor,Gross Factor Income Expansion,632.501080833316,767.132420609509,632.501080833316,767.132420609509,134.631339776193,0,134.631339776193,0
F4,13,2,Slow AI · Reallocated shares · Proportional labor,Revenue (Microsimulation),-0.200575090630082,-0.200575090630082,-0.200575090630082,-0.200575090630082,0,0,0,0
F4,13,3,Slow AI · Reallocated shares · Proportional labor,Revenue (Macro CIT),8.36632274246801,8.36632274246801,8.21592200208995,8.21592200208995,0,-0.150400740378061,-0.150400740378061,0
F4,13,4,Slow AI · Reallocated shares · Proportional labor,Change in Total Revenue,8.16574765183793,8.16574765183793,8.01534691145987,8.01534691145987,0,-0.150400740378061,-0.150400740378061,0
F4,13,5,Slow AI · Reallocated shares · Proportional labor,Gross Factor Income Expansion,28.4967461669469,28.4967461669469,28.4967461669469,28.4967461669469,0,0,0,0
F4,14,2,Slow AI · Reallocated shares · Compressive labor,Revenue (Microsimulation),-3.6317935987372,-3.6317935987372,-3.6317935987372,-3.6317935987372,0,0,0,0
F4,14,3,Slow AI · Reallocated shares · Compressive labor,Revenue (Macro CIT),8.36632274246801,8.36632274246801,8.21592200208995,8.21592200208995,0,-0.150400740378061,-0.150400740378061,0
F4,14,4,Slow AI · Reallocated shares · Compressive labor,Change in Total Revenue,4.73452914373081,4.73452914373081,4.58412840335275,4.58412840335275,0,-0.15040074037806,-0.15040074037806,0
F4,14,5,Slow AI · Reallocated shares · Compressive labor,Gross Factor Income Expansion,28.4967461669469,28.4967461669469,28.4967461669469,28.4967461669469,0,0,0,0
F4,15,2,Slow AI · Reallocated shares · Expansive labor,Revenue (Microsimulation),3.26612887733972,3.26612887733972,3.26612887733972,3.26612887733972,0,0,0,0
F4,15,3,Slow AI · Reallocated shares · Expansive labor,Revenue (Macro CIT),8.36632274246801,8.36632274246801,8.21592200208995,8.21592200208995,0,-0.150400740378061,-0.150400740378061,0
F4,15,4,Slow AI · Reallocated shares · Expansive labor,Change in Total Revenue,11.6324516198077,11.6324516198077,11.4820508794297,11.4820508794297,0,-0.150400740378,-0.150400740378,0
F4,15,5,Slow AI · Reallocated shares · Expansive labor,Gross Factor Income Expansion,28.4967461669469,28.4967461669469,28.4967461669469,28.4967461669469,0,0,0,0
F5,7,2,Slow AI · Reallocated shares · Proportional labor,total_with_macro_cit,8.16574765183793,8.16574765183793,8.01534691145987,8.01534691145987,0,-0.150400740378061,-0.150400740378061,0
F5,8,2,Slow AI · Reallocated shares · Compressive labor,total_with_macro_cit,4.73452914373081,4.73452914373081,4.58412840335275,4.58412840335275,0,-0.15040074037806,-0.15040074037806,0
F5,9,2,Slow AI · Reallocated shares · Expansive labor,total_with_macro_cit,11.6324516198077,11.6324516198077,11.4820508794297,11.4820508794297,0,-0.150400740378,-0.150400740378,0
F5,10,2,Slow AI · Fixed shares · Proportional labor,total_with_macro_cit,29.5237216465691,29.5237216465691,29.4720839888619,29.4720839888619,0,-0.0516376577072002,-0.0516376577072002,0
F5,11,2,Slow AI · Fixed shares · Compressive labor,total_with_macro_cit,26.0814025287624,26.0814025287624,26.0297648710552,26.0297648710552,0,-0.0516376577072002,-0.0516376577072002,0
F5,12,2,Slow AI · Fixed shares · Expansive labor,total_with_macro_cit,33.0034225533761,33.0034225533761,32.9517848956689,32.9517848956689,0,-0.0516376577071966,-0.0516376577071966,0
F5,13,2,Moderate AI · Reallocated shares · Proportional labor,total_with_macro_cit,105.153773547655,113.882938771873,104.494761893696,113.264608019879,8.72916522421799,-0.659011653959013,8.110834472224,0.0406809019650183
F5,14,2,Moderate AI · Reallocated shares · Compressive labor,total_with_macro_cit,84.8475732441497,93.5426551472981,84.18856159019,92.9243243953035,8.69508190314841,-0.659011653959695,8.0767511511538,0.0406809019650893
F5,15,2,Moderate AI · Reallocated shares · Expansive labor,total_with_macro_cit,126.994510443822,135.766253786585,126.335498789863,135.147923034591,8.771743342763,-0.659011653958999,8.15341259076901,0.0406809019650041
F5,16,2,Moderate AI · Fixed shares · Proportional labor,total_with_macro_cit,179.691439362169,179.691439362169,179.378215374913,179.378215374913,0,-0.313223987256009,-0.313223987256009,0
F5,17,2,Moderate AI · Fixed shares · Compressive labor,total_with_macro_cit,159.088464667368,159.088464667368,158.775240680112,158.775240680112,0,-0.313223987255981,-0.313223987255981,0
F5,18,2,Moderate AI · Fixed shares · Expansive labor,total_with_macro_cit,201.834183496512,201.834183496512,201.520959509256,201.520959509256,0,-0.313223987256009,-0.313223987256009,0
F5,19,2,Rapid AI · Reallocated shares · Proportional labor,total_with_macro_cit,170.746253043999,202.156924775895,169.236170452785,200.79414919708,31.410671731896,-1.510082591214,30.047896153081,0.147307012399011
F5,20,2,Rapid AI · Reallocated shares · Compressive labor,total_with_macro_cit,131.703881974806,162.836403805557,130.193799383592,161.473628226743,31.132521830751,-1.510082591214,29.769746251937,0.147307012399978
F5,21,2,Rapid AI · Reallocated shares · Expansive labor,total_with_macro_cit,216.044660068707,247.694932174707,214.534577477494,246.332156595892,31.650272106,-1.51008259121301,30.287496527185,0.147307012398016
F5,22,2,Rapid AI · Fixed shares · Proportional labor,total_with_macro_cit,360.686330211178,360.686330211178,360.060089694361,360.060089694361,0,-0.626240516817006,-0.626240516817006,0
F5,23,2,Rapid AI · Fixed shares · Compressive labor,total_with_macro_cit,319.91837948376,319.91837948376,319.292138966943,319.292138966943,0,-0.626240516817006,-0.626240516817006,0
F5,24,2,Rapid AI · Fixed shares · Expansive labor,total_with_macro_cit,407.441758466034,407.441758466034,406.815517949216,406.815517949216,0,-0.626240516818029,-0.626240516818029,0
F6,7,3,Moderate AI · Reallocated shares · Proportional labor,gini_baseline,0.554723007083343,0.554723007083343,0.554723007083343,0.554723007083343,0,0,0,0
F6,7,4,Moderate AI · Reallocated shares · Proportional labor,gini_cf,0.557044523203491,0.556846975499188,0.557044523203491,0.556846975499188,-0.000197547704302914,0,-0.000197547704302914,0
F6,7,5,Moderate AI · Reallocated shares · Proportional labor,delta,0.00232151612014808,0.00212396841584506,0.00232151612014808,0.00212396841584506,-0.00019754770430302,0,-0.00019754770430302,0
F6,8,3,Moderate AI · Reallocated shares · Proportional labor,gini_baseline,0.591605525530161,0.591605525530161,0.591605525530161,0.591605525530161,0,0,0,0
F6,8,4,Moderate AI · Reallocated shares · Proportional labor,gini_cf,0.593927531176733,0.593727708415495,0.593927531176733,0.593727708415495,-0.000199822761237978,0,-0.000199822761237978,0
F6,8,5,Moderate AI · Reallocated shares · Proportional labor,delta,0.00232200564657226,0.00212218288533417,0.00232200564657226,0.00212218288533417,-0.00019982276123809,0,-0.00019982276123809,0
F6,9,3,Moderate AI · Reallocated shares · Compressive labor,gini_baseline,0.554723007083343,0.554723007083343,0.554723007083343,0.554723007083343,0,0,0,0
F6,9,4,Moderate AI · Reallocated shares · Compressive labor,gini_cf,0.546523309255003,0.546302636014886,0.546523309255003,0.546302636014886,-0.000220673240116986,0,-0.000220673240116986,0
F6,9,5,Moderate AI · Reallocated shares · Compressive labor,delta,-0.00819969782833963,-0.0084203710684565,-0.00819969782833963,-0.0084203710684565,-0.00022067324011687,0,-0.00022067324011687,0
F6,10,3,Moderate AI · Reallocated shares · Compressive labor,gini_baseline,0.591605525530161,0.591605525530161,0.591605525530161,0.591605525530161,0,0,0,0
F6,10,4,Moderate AI · Reallocated shares · Compressive labor,gini_cf,0.582265110624254,0.58204777395084,0.582265110624254,0.58204777395084,-0.000217336673414059,0,-0.000217336673414059,0
F6,10,5,Moderate AI · Reallocated shares · Compressive labor,delta,-0.00934041490590731,-0.00955775157932159,-0.00934041490590731,-0.00955775157932159,-0.000217336673414281,0,-0.000217336673414281,0
F6,11,3,Moderate AI · Reallocated shares · Expansive labor,gini_baseline,0.554723007083343,0.554723007083343,0.554723007083343,0.554723007083343,0,0,0,0
F6,11,4,Moderate AI · Reallocated shares · Expansive labor,gini_cf,0.56762009222294,0.567436925514403,0.56762009222294,0.567436925514403,-0.000183166708537019,0,-0.000183166708537019,0
F6,11,5,Moderate AI · Reallocated shares · Expansive labor,delta,0.0128970851395976,0.0127139184310602,0.0128970851395976,0.0127139184310602,-0.000183166708537399,0,-0.000183166708537399,0
F6,12,3,Moderate AI · Reallocated shares · Expansive labor,gini_baseline,0.591605525530161,0.591605525530161,0.591605525530161,0.591605525530161,0,0,0,0
F6,12,4,Moderate AI · Reallocated shares · Expansive labor,gini_cf,0.605597422990439,0.60542710730706,0.605597422990439,0.60542710730706,-0.000170315683378997,0,-0.000170315683378997,0
F6,12,5,Moderate AI · Reallocated shares · Expansive labor,delta,0.0139918974602777,0.0138215817768991,0.0139918974602777,0.0138215817768991,-0.000170315683378599,0,-0.000170315683378599,0
F6,13,3,Rapid AI · Reallocated shares · Proportional labor,gini_baseline,0.554723007083343,0.554723007083343,0.554723007083343,0.554723007083343,0,0,0,0
F6,13,4,Rapid AI · Reallocated shares · Proportional labor,gini_cf,0.560442568525692,0.559636303883901,0.560442568525692,0.559636303883901,-0.00080626464179101,0,-0.00080626464179101,0
F6,13,5,Rapid AI · Reallocated shares · Proportional labor,delta,0.00571956144234964,0.00491329680055819,0.00571956144234964,0.00491329680055819,-0.00080626464179145,0,-0.00080626464179145,0
F6,14,3,Rapid AI · Reallocated shares · Proportional labor,gini_baseline,0.591605525530161,0.591605525530161,0.591605525530161,0.591605525530161,0,0,0,0
F6,14,4,Rapid AI · Reallocated shares · Proportional labor,gini_cf,0.597351561735813,0.596550196912608,0.597351561735813,0.596550196912608,-0.000801364823205031,0,-0.000801364823205031,0
F6,14,5,Rapid AI · Reallocated shares · Proportional labor,delta,0.00574603620565162,0.00494467138244681,0.00574603620565162,0.00494467138244681,-0.000801364823204811,0,-0.000801364823204811,0
F6,15,3,Rapid AI · Reallocated shares · Compressive labor,gini_baseline,0.554723007083343,0.554723007083343,0.554723007083343,0.554723007083343,0,0,0,0
F6,15,4,Rapid AI · Reallocated shares · Compressive labor,gini_cf,0.539796815332324,0.538876124113076,0.539796815332324,0.538876124113076,-0.000920691219248093,0,-0.000920691219248093,0
F6,15,5,Rapid AI · Reallocated shares · Compressive labor,delta,-0.0149261917510183,-0.015846882970267,-0.0149261917510183,-0.015846882970267,-0.000920691219248699,0,-0.000920691219248699,0
F6,16,3,Rapid AI · Reallocated shares · Compressive labor,gini_baseline,0.591605525530161,0.591605525530161,0.591605525530161,0.591605525530161,0,0,0,0
F6,16,4,Rapid AI · Reallocated shares · Compressive labor,gini_cf,0.574504418651013,0.573580990444202,0.574504418651013,0.573580990444202,-0.000923428206811017,0,-0.000923428206811017,0
F6,16,5,Rapid AI · Reallocated shares · Compressive labor,delta,-0.0171011068791482,-0.0180245350859591,-0.0171011068791482,-0.0180245350859591,-0.000923428206810899,0,-0.000923428206810899,0
F6,17,3,Rapid AI · Reallocated shares · Expansive labor,gini_baseline,0.554723007083343,0.554723007083343,0.554723007083343,0.554723007083343,0,0,0,0
F6,17,4,Rapid AI · Reallocated shares · Expansive labor,gini_cf,0.581295341663322,0.580604621671912,0.581295341663322,0.580604621671912,-0.000690719991410016,0,-0.000690719991410016,0
F6,17,5,Rapid AI · Reallocated shares · Expansive labor,delta,0.0265723345799795,0.0258816145885689,0.0265723345799795,0.0258816145885689,-0.000690719991410602,0,-0.000690719991410602,0
F6,18,3,Rapid AI · Reallocated shares · Expansive labor,gini_baseline,0.591605525530161,0.591605525530161,0.591605525530161,0.591605525530161,0,0,0,0
F6,18,4,Rapid AI · Reallocated shares · Expansive labor,gini_cf,0.620252009117291,0.619608861337528,0.620252009117291,0.619608861337528,-0.000643147779762932,0,-0.000643147779762932,0
F6,18,5,Rapid AI · Reallocated shares · Expansive labor,delta,0.0286464835871295,0.0280033358073667,0.0286464835871295,0.0280033358073667,-0.000643147779762803,0,-0.000643147779762803,0
F6,19,3,Slow AI · Reallocated shares · Proportional labor,gini_baseline,0.554723007083343,0.554723007083343,0.554723007083343,0.554723007083343,0,0,0,0
F6,19,4,Slow AI · Reallocated shares · Proportional labor,gini_cf,0.555343655924813,0.555343655924813,0.555343655924813,0.555343655924813,0,0,0,0
F6,19,5,Slow AI · Reallocated shares · Proportional labor,delta,0.000620648841470062,0.000620648841470062,0.000620648841470062,0.000620648841470062,0,0,0,0
F6,20,3,Slow AI · Reallocated shares · Proportional labor,gini_baseline,0.591605525530161,0.591605525530161,0.591605525530161,0.591605525530161,0,0,0,0
F6,20,4,Slow AI · Reallocated shares · Proportional labor,gini_cf,0.592210868249462,0.592210868249462,0.592210868249462,0.592210868249462,0,0,0,0
F6,20,5,Slow AI · Reallocated shares · Proportional labor,delta,0.000605342719301016,0.000605342719301016,0.000605342719301016,0.000605342719301016,0,0,0,0
F6,21,3,Slow AI · Reallocated shares · Compressive labor,gini_baseline,0.554723007083343,0.554723007083343,0.554723007083343,0.554723007083343,0,0,0,0
F6,21,4,Slow AI · Reallocated shares · Compressive labor,gini_cf,0.553596118824457,0.553596118824457,0.553596118824457,0.553596118824457,0,0,0,0
F6,21,5,Slow AI · Reallocated shares · Compressive labor,delta,-0.00112688825888563,-0.00112688825888563,-0.00112688825888563,-0.00112688825888563,0,0,0,0
F6,22,3,Slow AI · Reallocated shares · Compressive labor,gini_baseline,0.591605525530161,0.591605525530161,0.591605525530161,0.591605525530161,0,0,0,0
F6,22,4,Slow AI · Reallocated shares · Compressive labor,gini_cf,0.590265834463162,0.590265834463162,0.590265834463162,0.590265834463162,0,0,0,0
F6,22,5,Slow AI · Reallocated shares · Compressive labor,delta,-0.00133969106699938,-0.00133969106699938,-0.00133969106699938,-0.00133969106699938,0,0,0,0
F6,23,3,Slow AI · Reallocated shares · Expansive labor,gini_baseline,0.554723007083343,0.554723007083343,0.554723007083343,0.554723007083343,0,0,0,0
F6,23,4,Slow AI · Reallocated shares · Expansive labor,gini_cf,0.557083258091105,0.557083258091105,0.557083258091105,0.557083258091105,0,0,0,0
F6,23,5,Slow AI · Reallocated shares · Expansive labor,delta,0.00236025100776249,0.00236025100776249,0.00236025100776249,0.00236025100776249,0,0,0,0
F6,24,3,Slow AI · Reallocated shares · Expansive labor,gini_baseline,0.591605525530161,0.591605525530161,0.591605525530161,0.591605525530161,0,0,0,0
F6,24,4,Slow AI · Reallocated shares · Expansive labor,gini_cf,0.594137779701154,0.594137779701154,0.594137779701154,0.594137779701154,0,0,0,0
F6,24,5,Slow AI · Reallocated shares · Expansive labor,delta,0.0025322541709929,0.0025322541709929,0.0025322541709929,0.0025322541709929,0,0,0,0
F7,7,2,Moderate AI · Reallocated shares · Proportional labor,decile,1,1,1,1,0,0,0,0
F7,7,3,Moderate AI · Reallocated shares · Proportional labor,pretax_base_d_B,-542.934369809947,-542.934369809947,-542.934369809947,-542.934369809947,0,0,0,0
F7,7,4,Moderate AI · Reallocated shares · Proportional labor,pretax_cf_d_B,-541.186839094373,-540.74594176429,-541.186839094373,-540.74594176429,0.440897330082976,0,0.440897330082976,0
F7,7,5,Moderate AI · Reallocated shares · Proportional labor,tax_base_d_B,10.1634780492893,10.1634780492893,10.1634780492893,10.1634780492893,0,0,0,0
F7,7,6,Moderate AI · Reallocated shares · Proportional labor,tax_cf_d_B,10.231704661376,10.2666709427895,10.231704661376,10.2666709427895,0.0349662814134994,0,0.0349662814134994,0
F7,7,7,Moderate AI · Reallocated shares · Proportional labor,dY_factor_d_B,4.93282580759551,5.16018900043502,4.93282580759551,5.16018900043502,0.22736319283951,0,0.22736319283951,0
F7,7,8,Moderate AI · Reallocated shares · Proportional labor,atr_base,-0.0187195333624707,-0.0187195333624707,-0.0187195333624707,-0.0187195333624707,0,0,0,0
F7,7,9,Moderate AI · Reallocated shares · Proportional labor,atr_cf_std,-0.0189060485626329,-0.0189861266629066,-0.0189060485626329,-0.0189861266629066,-8.00781002736999e-05,0,-8.00781002736999e-05,0
F7,7,10,Moderate AI · Reallocated shares · Proportional labor,dATR,-0.000186515200162194,-0.00026659330043587,-0.000186515200162194,-0.00026659330043587,-8.0078100273676e-05,0,-8.0078100273676e-05,0
F7,8,2,Moderate AI · Reallocated shares · Proportional labor,decile,2,2,2,2,0,0,0,0
F7,8,3,Moderate AI · Reallocated shares · Proportional labor,pretax_base_d_B,388.015540628305,388.015540628305,388.015540628305,388.015540628305,0,0,0,0
F7,8,4,Moderate AI · Reallocated shares · Proportional labor,pretax_cf_d_B,389.404928707417,390.270688126179,389.404928707417,390.270688126179,0.865759418761968,0,0.865759418761968,0
F7,8,5,Moderate AI · Reallocated shares · Proportional labor,tax_base_d_B,-22.1320199327549,-22.1320199327549,-22.1320199327549,-22.1320199327549,0,0,0,0
F7,8,6,Moderate AI · Reallocated shares · Proportional labor,tax_cf_d_B,-22.1071293786188,-22.088326290751,-22.1071293786188,-22.088326290751,0.018803087867802,0,0.018803087867802,0
F7,8,7,Moderate AI · Reallocated shares · Proportional labor,dY_factor_d_B,3.73711427320941,4.44061111078881,3.73711427320941,4.44061111078881,0.7034968375794,0,0.7034968375794,0
F7,8,8,Moderate AI · Reallocated shares · Proportional labor,atr_base,-0.0570390038938054,-0.0570390038938054,-0.0570390038938054,-0.0570390038938054,0,0,0,0
F7,8,9,Moderate AI · Reallocated shares · Proportional labor,atr_cf_std,-0.056771570539697,-0.0565974513658827,-0.056771570539697,-0.0565974513658827,0.000174119173814304,0,0.000174119173814304,0
F7,8,10,Moderate AI · Reallocated shares · Proportional labor,dATR,0.000267433354108421,0.00044155252792269,0.000267433354108421,0.00044155252792269,0.000174119173814269,0,0.000174119173814269,0
F7,9,2,Moderate AI · Reallocated shares · Proportional labor,decile,3,3,3,3,0,0,0,0
F7,9,3,Moderate AI · Reallocated shares · Proportional labor,pretax_base_d_B,561.153333258383,561.153333258383,561.153333258383,561.153333258383,0,0,0,0
F7,9,4,Moderate AI · Reallocated shares · Proportional labor,pretax_cf_d_B,563.521051089097,564.683335096178,563.521051089097,564.683335096178,1.16228400708098,0,1.16228400708098,0
F7,9,5,Moderate AI · Reallocated shares · Proportional labor,tax_base_d_B,-28.3209534736833,-28.3209534736833,-28.3209534736833,-28.3209534736833,0,0,0,0
F7,9,6,Moderate AI · Reallocated shares · Proportional labor,tax_cf_d_B,-28.1994105760795,-28.0997517441893,-28.1994105760795,-28.0997517441893,0.0996588318901992,0,0.0996588318901992,0
F7,9,7,Moderate AI · Reallocated shares · Proportional labor,dY_factor_d_B,4.96649151321292,5.93581188577805,4.96649151321292,5.93581188577805,0.96932037256513,0,0.96932037256513,0
F7,9,8,Moderate AI · Reallocated shares · Proportional labor,atr_base,-0.0504691887139569,-0.0504691887139569,-0.0504691887139569,-0.0504691887139569,0,0,0,0
F7,9,9,Moderate AI · Reallocated shares · Proportional labor,atr_cf_std,-0.0500414501314183,-0.0497619639145244,-0.0500414501314183,-0.0497619639145244,0.000279486216893901,0,0.000279486216893901,0
F7,9,10,Moderate AI · Reallocated shares · Proportional labor,dATR,0.000427738582538591,0.000707224799432533,0.000427738582538591,0.000707224799432533,0.000279486216893942,0,0.000279486216893942,0
F7,10,2,Moderate AI · Reallocated shares · Proportional labor,decile,4,4,4,4,0,0,0,0
F7,10,3,Moderate AI · Reallocated shares · Proportional labor,pretax_base_d_B,820.169437223817,820.169437223817,820.169437223817,820.169437223817,0,0,0,0
F7,10,4,Moderate AI · Reallocated shares · Proportional labor,pretax_cf_d_B,825.403189936321,827.191729845625,825.403189936321,827.191729845625,1.78853990930395,0,1.78853990930395,0
F7,10,5,Moderate AI · Reallocated shares · Proportional labor,tax_base_d_B,-11.9244988869571,-11.9244988869571,-11.9244988869571,-11.9244988869571,0,0,0,0
F7,10,6,Moderate AI · Reallocated shares · Proportional labor,tax_cf_d_B,-11.4781676929823,-11.2310971724855,-11.4781676929823,-11.2310971724855,0.2470705204968,0,0.2470705204968,0
F7,10,7,Moderate AI · Reallocated shares · Proportional labor,dY_factor_d_B,8.23800074739656,9.80103293915134,8.23800074739656,9.80103293915134,1.56303219175478,0,1.56303219175478,0
F7,10,8,Moderate AI · Reallocated shares · Proportional labor,atr_base,-0.0145390675947646,-0.0145390675947646,-0.0145390675947646,-0.0145390675947646,0,0,0,0
F7,10,9,Moderate AI · Reallocated shares · Proportional labor,atr_cf_std,-0.0139061343994416,-0.0135773808746631,-0.0139061343994416,-0.0135773808746631,0.0003287535247785,0,0.0003287535247785,0
F7,10,10,Moderate AI · Reallocated shares · Proportional labor,dATR,0.000632933195322982,0.000961686720101449,0.000632933195322982,0.000961686720101449,0.000328753524778467,0,0.000328753524778467,0
F7,11,2,Moderate AI · Reallocated shares · Proportional labor,decile,5,5,5,5,0,0,0,0
F7,11,3,Moderate AI · Reallocated shares · Proportional labor,pretax_base_d_B,1092.09465240244,1092.09465240244,1092.09465240244,1092.09465240244,0,0,0,0
F7,11,4,Moderate AI · Reallocated shares · Proportional labor,pretax_cf_d_B,1099.96809318682,1102.63940626043,1099.96809318682,1102.63940626043,2.67131307361001,0,2.67131307361001,0
F7,11,5,Moderate AI · Reallocated shares · Proportional labor,tax_base_d_B,25.8751535659036,25.8751535659036,25.8751535659036,25.8751535659036,0,0,0,0
F7,11,6,Moderate AI · Reallocated shares · Proportional labor,tax_cf_d_B,26.7877728247676,27.1935558299538,26.7877728247676,27.1935558299538,0.405783005186201,0,0.405783005186201,0
F7,11,7,Moderate AI · Reallocated shares · Proportional labor,dY_factor_d_B,12.0742934892872,14.4406703464036,12.0742934892872,14.4406703464036,2.3663768571164,0,2.3663768571164,0
F7,11,8,Moderate AI · Reallocated shares · Proportional labor,atr_base,0.0236931418984446,0.0236931418984446,0.0236931418984446,0.0236931418984446,0,0,0,0
F7,11,9,Moderate AI · Reallocated shares · Proportional labor,atr_cf_std,0.0243532271442149,0.0246622383306434,0.0243532271442149,0.0246622383306434,0.000309011186428503,0,0.000309011186428503,0
F7,11,10,Moderate AI · Reallocated shares · Proportional labor,dATR,0.00066008524577028,0.000969096432198703,0.00066008524577028,0.000969096432198703,0.000309011186428423,0,0.000309011186428423,0
F7,12,2,Moderate AI · Reallocated shares · Proportional labor,decile,6,6,6,6,0,0,0,0
F7,12,3,Moderate AI · Reallocated shares · Proportional labor,pretax_base_d_B,1431.3633583382,1431.3633583382,1431.3633583382,1431.3633583382,0,0,0,0
F7,12,4,Moderate AI · Reallocated shares · Proportional labor,pretax_cf_d_B,1444.93248117113,1447.98085444721,1444.93248117113,1447.98085444721,3.04837327608016,0,3.04837327608016,0
F7,12,5,Moderate AI · Reallocated shares · Proportional labor,tax_base_d_B,69.7612385491509,69.7612385491509,69.7612385491509,69.7612385491509,0,0,0,0
F7,12,6,Moderate AI · Reallocated shares · Proportional labor,tax_cf_d_B,71.5964955593766,72.0208322509512,71.5964955593766,72.0208322509512,0.424336691574595,0,0.424336691574595,0
F7,12,7,Moderate AI · Reallocated shares · Proportional labor,dY_factor_d_B,16.9469317494115,19.7291984804921,16.9469317494115,19.7291984804921,2.7822667310806,0,2.7822667310806,0
F7,12,8,Moderate AI · Reallocated shares · Proportional labor,atr_base,0.0487376165826566,0.0487376165826566,0.0487376165826566,0.0487376165826566,0,0,0,0
F7,12,9,Moderate AI · Reallocated shares · Proportional labor,atr_cf_std,0.0495500630599342,0.0497388014694754,0.0495500630599342,0.0497388014694754,0.0001887384095412,0,0.0001887384095412,0
F7,12,10,Moderate AI · Reallocated shares · Proportional labor,dATR,0.000812446477277552,0.00100118488681884,0.000812446477277552,0.00100118488681884,0.000188738409541288,0,0.000188738409541288,0
F7,13,2,Moderate AI · Reallocated shares · Proportional labor,decile,7,7,7,7,0,0,0,0
F7,13,3,Moderate AI · Reallocated shares · Proportional labor,pretax_base_d_B,1878.29534636384,1878.29534636384,1878.29534636384,1878.29534636384,0,0,0,0
F7,13,4,Moderate AI · Reallocated shares · Proportional labor,pretax_cf_d_B,1896.09950679296,1900.44020918619,1896.09950679296,1900.44020918619,4.34070239323,0,4.34070239323,0
F7,13,5,Moderate AI · Reallocated shares · Proportional labor,tax_base_d_B,121.053987882839,121.053987882839,121.053987882839,121.053987882839,0,0,0,0
F7,13,6,Moderate AI · Reallocated shares · Proportional labor,tax_cf_d_B,123.964657638373,124.669209569249,123.964657638373,124.669209569249,0.704551930876008,0,0.704551930876008,0
F7,13,7,Moderate AI · Reallocated shares · Proportional labor,dY_factor_d_B,21.3771193190147,25.4107572160766,21.3771193190147,25.4107572160766,4.0336378970619,0,4.0336378970619,0
F7,13,8,Moderate AI · Reallocated shares · Proportional labor,atr_base,0.0644488568409571,0.0644488568409571,0.0644488568409571,0.0644488568409571,0,0,0,0
F7,13,9,Moderate AI · Reallocated shares · Proportional labor,atr_cf_std,0.0653787721552891,0.0656001746156671,0.0653787721552891,0.0656001746156671,0.000221402460377995,0,0.000221402460377995,0
F7,13,10,Moderate AI · Reallocated shares · Proportional labor,dATR,0.00092991531433205,0.00115131777471005,0.00092991531433205,0.00115131777471005,0.000221402460378,0,0.000221402460378,0
F7,14,2,Moderate AI · Reallocated shares · Proportional labor,decile,8,8,8,8,0,0,0,0
F7,14,3,Moderate AI · Reallocated shares · Proportional labor,pretax_base_d_B,2601.56180865961,2601.56180865961,2601.56180865961,2601.56180865961,0,0,0,0
F7,14,4,Moderate AI · Reallocated shares · Proportional labor,pretax_cf_d_B,2629.46108682173,2634.77964641,2629.46108682173,2634.77964641,5.31855958827009,0,5.31855958827009,0
F7,14,5,Moderate AI · Reallocated shares · Proportional labor,tax_base_d_B,208.271689492574,208.271689492574,208.271689492574,208.271689492574,0,0,0,0
F7,14,6,Moderate AI · Reallocated shares · Proportional labor,tax_cf_d_B,212.527529826021,213.338761089669,212.527529826021,213.338761089669,0.811231263647983,0,0.811231263647983,0
F7,14,7,Moderate AI · Reallocated shares · Proportional labor,dY_factor_d_B,32.8120623196846,37.7228906344572,32.8120623196846,37.7228906344572,4.9108283147726,0,4.9108283147726,0
F7,14,8,Moderate AI · Reallocated shares · Proportional labor,atr_base,0.0800564064245242,0.0800564064245242,0.0800564064245242,0.0800564064245242,0,0,0,0
F7,14,9,Moderate AI · Reallocated shares · Proportional labor,atr_cf_std,0.0808255086531462,0.0809702478840506,0.0808255086531462,0.0809702478840506,0.000144739230904412,0,0.000144739230904412,0
F7,14,10,Moderate AI · Reallocated shares · Proportional labor,dATR,0.000769102228622018,0.000913841459526429,0.000769102228622018,0.000913841459526429,0.000144739230904411,0,0.000144739230904411,0
F7,15,2,Moderate AI · Reallocated shares · Proportional labor,decile,9,9,9,9,0,0,0,0
F7,15,3,Moderate AI · Reallocated shares · Proportional labor,pretax_base_d_B,3791.68208048503,3791.68208048503,3791.68208048503,3791.68208048503,0,0,0,0
F7,15,4,Moderate AI · Reallocated shares · Proportional labor,pretax_cf_d_B,3849.88434871667,3855.70317566834,3849.88434871667,3855.70317566834,5.81882695166996,0,5.81882695166996,0
F7,15,5,Moderate AI · Reallocated shares · Proportional labor,tax_base_d_B,402.378381436465,402.378381436465,402.378381436465,402.378381436465,0,0,0,0
F7,15,6,Moderate AI · Reallocated shares · Proportional labor,tax_cf_d_B,414.299876266921,415.535123456967,414.299876266921,415.535123456967,1.23524719004604,0,1.23524719004604,0
F7,15,7,Moderate AI · Reallocated shares · Proportional labor,dY_factor_d_B,54.6280517434375,60.5267220778903,54.6280517434375,60.5267220778903,5.8986703344528,0,5.8986703344528,0
F7,15,8,Moderate AI · Reallocated shares · Proportional labor,atr_base,0.106121339525647,0.106121339525647,0.106121339525647,0.106121339525647,0,0,0,0
F7,15,9,Moderate AI · Reallocated shares · Proportional labor,atr_cf_std,0.107613590108239,0.107771554117347,0.107613590108239,0.107771554117347,0.000157964009108003,0,0.000157964009108003,0
F7,15,10,Moderate AI · Reallocated shares · Proportional labor,dATR,0.00149225058259175,0.00165021459169955,0.00149225058259175,0.00165021459169955,0.0001579640091078,0,0.0001579640091078,0
F7,16,2,Moderate AI · Reallocated shares · Proportional labor,decile,10,10,10,10,0,0,0,0
F7,16,3,Moderate AI · Reallocated shares · Proportional labor,pretax_base_d_B,11740.8308088609,11740.8308088609,11740.8308088609,11740.8308088609,0,0,0,0
F7,16,4,Moderate AI · Reallocated shares · Proportional labor,pretax_cf_d_B,11967.6526776531,11982.3746163151,11967.6526776531,11982.3746163151,14.7219386620018,0,14.7219386620018,0
F7,16,5,Moderate AI · Reallocated shares · Proportional labor,tax_base_d_B,2177.01364224858,2177.01364224858,2177.01364224858,2177.01364224858,0,0,0,0
F7,16,6,Moderate AI · Reallocated shares · Proportional labor,tax_cf_d_B,2232.0334604589,2237.06661735816,2232.0334604589,2237.06661735816,5.03315689925967,0,5.03315689925967,0
F7,16,7,Moderate AI · Reallocated shares · Proportional labor,dY_factor_d_B,244.22959702204,257.585174594909,244.22959702204,257.585174594909,13.355577572869,0,13.355577572869,0
F7,16,8,Moderate AI · Reallocated shares · Proportional labor,atr_base,0.185422452438849,0.185422452438849,0.185422452438849,0.185422452438849,0,0,0,0
F7,16,9,Moderate AI · Reallocated shares · Proportional labor,atr_cf_std,0.186505534592153,0.186696434470692,0.186505534592153,0.186696434470692,0.000190899878539014,0,0.000190899878539014,0
F7,16,10,Moderate AI · Reallocated shares · Proportional labor,dATR,0.00108308215330408,0.00127398203184365,0.00108308215330408,0.00127398203184365,0.00019089987853957,0,0.00019089987853957,0
FA1,7,1,1952,Year,1952,1952,1952,1952,0,0,0,0
FA1,7,2,1952,GDP Growth,0.0471060232714327,0.0471060232714327,0.0471060232714327,0.0471060232714327,0,0,0,0
FA1,7,4,1952,Slow (2030),0.02,0.02,0.02,0.02,0,0,0,0
FA1,7,5,1952,Moderate (2030),0.026,0.026,0.026,0.026,0,0,0,0
FA1,7,6,1952,Rapid (2030),0.033,0.033,0.033,0.033,0,0,0,0
FA1,8,1,1953,Year,1953,1953,1953,1953,0,0,0,0
FA1,8,2,1953,GDP Growth,0.0481932064227072,0.0481932064227072,0.0481932064227072,0.0481932064227072,0,0,0,0
FA1,8,4,1953,Slow (2030),0.02,0.02,0.02,0.02,0,0,0,0
FA1,8,5,1953,Moderate (2030),0.026,0.026,0.026,0.026,0,0,0,0
FA1,8,6,1953,Rapid (2030),0.033,0.033,0.033,0.033,0,0,0,0
FA1,9,1,1954,Year,1954,1954,1954,1954,0,0,0,0
FA1,9,2,1954,GDP Growth,0.048155324134588,0.048155324134588,0.048155324134588,0.048155324134588,0,0,0,0
FA1,9,4,1954,Slow (2030),0.02,0.02,0.02,0.02,0,0,0,0
FA1,9,5,1954,Moderate (2030),0.026,0.026,0.026,0.026,0,0,0,0
FA1,9,6,1954,Rapid (2030),0.033,0.033,0.033,0.033,0,0,0,0
FA1,10,1,1955,Year,1955,1955,1955,1955,0,0,0,0
FA1,10,2,1955,GDP Growth,0.0452694357916554,0.0452694357916554,0.0452694357916554,0.0452694357916554,0,0,0,0
FA1,10,4,1955,Slow (2030),0.02,0.02,0.02,0.02,0,0,0,0
FA1,10,5,1955,Moderate (2030),0.026,0.026,0.026,0.026,0,0,0,0
FA1,10,6,1955,Rapid (2030),0.033,0.033,0.033,0.033,0,0,0,0
FA1,11,1,1956,Year,1956,1956,1956,1956,0,0,0,0
FA1,11,2,1956,GDP Growth,0.0340137212367919,0.0340137212367919,0.0340137212367919,0.0340137212367919,0,0,0,0
FA1,11,4,1956,Slow (2030),0.02,0.02,0.02,0.02,0,0,0,0
FA1,11,5,1956,Moderate (2030),0.026,0.026,0.026,0.026,0,0,0,0
FA1,11,6,1956,Rapid (2030),0.033,0.033,0.033,0.033,0,0,0,0
FA1,12,1,1957,Year,1957,1957,1957,1957,0,0,0,0
FA1,12,2,1957,GDP Growth,0.0301756536554134,0.0301756536554134,0.0301756536554134,0.0301756536554134,0,0,0,0
FA1,12,4,1957,Slow (2030),0.02,0.02,0.02,0.02,0,0,0,0
FA1,12,5,1957,Moderate (2030),0.026,0.026,0.026,0.026,0,0,0,0
FA1,12,6,1957,Rapid (2030),0.033,0.033,0.033,0.033,0,0,0,0
FA1,13,1,1958,Year,1958,1958,1958,1958,0,0,0,0
FA1,13,2,1958,GDP Growth,0.0195240280340919,0.0195240280340919,0.0195240280340919,0.0195240280340919,0,0,0,0
FA1,13,4,1958,Slow (2030),0.02,0.02,0.02,0.02,0,0,0,0
FA1,13,5,1958,Moderate (2030),0.026,0.026,0.026,0.026,0,0,0,0
FA1,13,6,1958,Rapid (2030),0.033,0.033,0.033,0.033,0,0,0,0
FA1,14,1,1959,Year,1959,1959,1959,1959,0,0,0,0
FA1,14,2,1959,GDP Growth,0.0340856052450725,0.0340856052450725,0.0340856052450725,0.0340856052450725,0,0,0,0
FA1,14,4,1959,Slow (2030),0.02,0.02,0.02,0.02,0,0,0,0
FA1,14,5,1959,Moderate (2030),0.026,0.026,0.026,0.026,0,0,0,0
FA1,14,6,1959,Rapid (2030),0.033,0.033,0.033,0.033,0,0,0,0
FA1,15,1,1960,Year,1960,1960,1960,1960,0,0,0,0
FA1,15,2,1960,GDP Growth,0.0253858642968169,0.0253858642968169,0.0253858642968169,0.0253858642968169,0,0,0,0
FA1,15,4,1960,Slow (2030),0.02,0.02,0.02,0.02,0,0,0,0
FA1,15,5,1960,Moderate (2030),0.026,0.026,0.026,0.026,0,0,0,0
FA1,15,6,1960,Rapid (2030),0.033,0.033,0.033,0.033,0,0,0,0
FA1,16,1,1961,Year,1961,1961,1961,1961,0,0,0,0
FA1,16,2,1961,GDP Growth,0.0262320687800834,0.0262320687800834,0.0262320687800834,0.0262320687800834,0,0,0,0
FA1,16,4,1961,Slow (2030),0.02,0.02,0.02,0.02,0,0,0,0
FA1,16,5,1961,Moderate (2030),0.026,0.026,0.026,0.026,0,0,0,0
FA1,16,6,1961,Rapid (2030),0.033,0.033,0.033,0.033,0,0,0,0
FA1,17,1,1962,Year,1962,1962,1962,1962,0,0,0,0
FA1,17,2,1962,GDP Growth,0.0339627769446462,0.0339627769446462,0.0339627769446462,0.0339627769446462,0,0,0,0
FA1,17,4,1962,Slow (2030),0.02,0.02,0.02,0.02,0,0,0,0
FA1,17,5,1962,Moderate (2030),0.026,0.026,0.026,0.026,0,0,0,0
FA1,17,6,1962,Rapid (2030),0.033,0.033,0.033,0.033,0,0,0,0
FA1,18,1,1963,Year,1963,1963,1963,1963,0,0,0,0
FA1,18,2,1963,GDP Growth,0.0439819808365748,0.0439819808365748,0.0439819808365748,0.0439819808365748,0,0,0,0
FA1,18,4,1963,Slow (2030),0.02,0.02,0.02,0.02,0,0,0,0
FA1,18,5,1963,Moderate (2030),0.026,0.026,0.026,0.026,0,0,0,0
FA1,18,6,1963,Rapid (2030),0.033,0.033,0.033,0.033,0,0,0,0
FA1,19,1,1964,Year,1964,1964,1964,1964,0,0,0,0
FA1,19,2,1964,GDP Growth,0.0417836282684558,0.0417836282684558,0.0417836282684558,0.0417836282684558,0,0,0,0
FA1,19,4,1964,Slow (2030),0.02,0.02,0.02,0.02,0,0,0,0
FA1,19,5,1964,Moderate (2030),0.026,0.026,0.026,0.026,0,0,0,0
FA1,19,6,1964,Rapid (2030),0.033,0.033,0.033,0.033,0,0,0,0
FA1,20,1,1965,Year,1965,1965,1965,1965,0,0,0,0
FA1,20,2,1965,GDP Growth,0.0492919365938771,0.0492919365938771,0.0492919365938771,0.0492919365938771,0,0,0,0
FA1,20,4,1965,Slow (2030),0.02,0.02,0.02,0.02,0,0,0,0
FA1,20,5,1965,Moderate (2030),0.026,0.026,0.026,0.026,0,0,0,0
FA1,20,6,1965,Rapid (2030),0.033,0.033,0.033,0.033,0,0,0,0
FA1,21,1,1966,Year,1966,1966,1966,1966,0,0,0,0
FA1,21,2,1966,GDP Growth,0.0569998941044748,0.0569998941044748,0.0569998941044748,0.0569998941044748,0,0,0,0
FA1,21,4,1966,Slow (2030),0.02,0.02,0.02,0.02,0,0,0,0
FA1,21,5,1966,Moderate (2030),0.026,0.026,0.026,0.026,0,0,0,0
FA1,21,6,1966,Rapid (2030),0.033,0.033,0.033,0.033,0,0,0,0
FA1,22,1,1967,Year,1967,1967,1967,1967,0,0,0,0
FA1,22,2,1967,GDP Growth,0.0505131554313973,0.0505131554313973,0.0505131554313973,0.0505131554313973,0,0,0,0
FA1,22,4,1967,Slow (2030),0.02,0.02,0.02,0.02,0,0,0,0
FA1,22,5,1967,Moderate (2030),0.026,0.026,0.026,0.026,0,0,0,0
FA1,22,6,1967,Rapid (2030),0.033,0.033,0.033,0.033,0,0,0,0
FA1,23,1,1968,Year,1968,1968,1968,1968,0,0,0,0
FA1,23,2,1968,GDP Growth,0.0515782221451058,0.0515782221451058,0.0515782221451058,0.0515782221451058,0,0,0,0
FA1,23,4,1968,Slow (2030),0.02,0.02,0.02,0.02,0,0,0,0
FA1,23,5,1968,Moderate (2030),0.026,0.026,0.026,0.026,0,0,0,0
FA1,23,6,1968,Rapid (2030),0.033,0.033,0.033,0.033,0,0,0,0
FA1,24,1,1969,Year,1969,1969,1969,1969,0,0,0,0
FA1,24,2,1969,GDP Growth,0.0465220135490842,0.0465220135490842,0.0465220135490842,0.0465220135490842,0,0,0,0
FA1,24,4,1969,Slow (2030),0.02,0.02,0.02,0.02,0,0,0,0
FA1,24,5,1969,Moderate (2030),0.026,0.026,0.026,0.026,0,0,0,0
FA1,24,6,1969,Rapid (2030),0.033,0.033,0.033,0.033,0,0,0,0
FA1,25,1,1970,Year,1970,1970,1970,1970,0,0,0,0
FA1,25,2,1970,GDP Growth,0.034298846227242,0.034298846227242,0.034298846227242,0.034298846227242,0,0,0,0
FA1,25,4,1970,Slow (2030),0.02,0.02,0.02,0.02,0,0,0,0
FA1,25,5,1970,Moderate (2030),0.026,0.026,0.026,0.026,0,0,0,0
FA1,25,6,1970,Rapid (2030),0.033,0.033,0.033,0.033,0,0,0,0
FA1,26,1,1971,Year,1971,1971,1971,1971,0,0,0,0
FA1,26,2,1971,GDP Growth,0.0280042781754137,0.0280042781754137,0.0280042781754137,0.0280042781754137,0,0,0,0
FA1,26,4,1971,Slow (2030),0.02,0.02,0.02,0.02,0,0,0,0
FA1,26,5,1971,Moderate (2030),0.026,0.026,0.026,0.026,0,0,0,0
FA1,26,6,1971,Rapid (2030),0.033,0.033,0.033,0.033,0,0,0,0
FA1,27,1,1972,Year,1972,1972,1972,1972,0,0,0,0
FA1,27,2,1972,GDP Growth,0.0328369431093137,0.0328369431093137,0.0328369431093137,0.0328369431093137,0,0,0,0
FA1,27,4,1972,Slow (2030),0.02,0.02,0.02,0.02,0,0,0,0
FA1,27,5,1972,Moderate (2030),0.026,0.026,0.026,0.026,0,0,0,0
FA1,27,6,1972,Rapid (2030),0.033,0.033,0.033,0.033,0,0,0,0
FA1,28,1,1973,Year,1973,1973,1973,1973,0,0,0,0
FA1,28,2,1973,GDP Growth,0.0342259040401313,0.0342259040401313,0.0342259040401313,0.0342259040401313,0,0,0,0
FA1,28,4,1973,Slow (2030),0.02,0.02,0.02,0.02,0,0,0,0
FA1,28,5,1973,Moderate (2030),0.026,0.026,0.026,0.026,0,0,0,0
FA1,28,6,1973,Rapid (2030),0.033,0.033,0.033,0.033,0,0,0,0
FA1,29,1,1974,Year,1974,1974,1974,1974,0,0,0,0
FA1,29,2,1974,GDP Growth,0.0269924308642064,0.0269924308642064,0.0269924308642064,0.0269924308642064,0,0,0,0
FA1,29,4,1974,Slow (2030),0.02,0.02,0.02,0.02,0,0,0,0
FA1,29,5,1974,Moderate (2030),0.026,0.026,0.026,0.026,0,0,0,0
FA1,29,6,1974,Rapid (2030),0.033,0.033,0.033,0.033,0,0,0,0
FA1,30,1,1975,Year,1975,1975,1975,1975,0,0,0,0
FA1,30,2,1975,GDP Growth,0.0262118967264147,0.0262118967264147,0.0262118967264147,0.0262118967264147,0,0,0,0
FA1,30,4,1975,Slow (2030),0.02,0.02,0.02,0.02,0,0,0,0
FA1,30,5,1975,Moderate (2030),0.026,0.026,0.026,0.026,0,0,0,0
FA1,30,6,1975,Rapid (2030),0.033,0.033,0.033,0.033,0,0,0,0
FA1,31,1,1976,Year,1976,1976,1976,1976,0,0,0,0
FA1,31,2,1976,GDP Growth,0.030228299284094,0.030228299284094,0.030228299284094,0.030228299284094,0,0,0,0
FA1,31,4,1976,Slow (2030),0.02,0.02,0.02,0.02,0,0,0,0
FA1,31,5,1976,Moderate (2030),0.026,0.026,0.026,0.026,0,0,0,0
FA1,31,6,1976,Rapid (2030),0.033,0.033,0.033,0.033,0,0,0,0
FA1,32,1,1977,Year,1977,1977,1977,1977,0,0,0,0
FA1,32,2,1977,GDP Growth,0.029025140874279,0.029025140874279,0.029025140874279,0.029025140874279,0,0,0,0
FA1,32,4,1977,Slow (2030),0.02,0.02,0.02,0.02,0,0,0,0
FA1,32,5,1977,Moderate (2030),0.026,0.026,0.026,0.026,0,0,0,0
FA1,32,6,1977,Rapid (2030),0.033,0.033,0.033,0.033,0,0,0,0
FA1,33,1,1978,Year,1978,1978,1978,1978,0,0,0,0
FA1,33,2,1978,GDP Growth,0.0288159093737978,0.0288159093737978,0.0288159093737978,0.0288159093737978,0,0,0,0
FA1,33,4,1978,Slow (2030),0.02,0.02,0.02,0.02,0,0,0,0
FA1,33,5,1978,Moderate (2030),0.026,0.026,0.026,0.026,0,0,0,0
FA1,33,6,1978,Rapid (2030),0.033,0.033,0.033,0.033,0,0,0,0
FA1,34,1,1979,Year,1979,1979,1979,1979,0,0,0,0
FA1,34,2,1979,GDP Growth,0.0361337421693598,0.0361337421693598,0.0361337421693598,0.0361337421693598,0,0,0,0
FA1,34,4,1979,Slow (2030),0.02,0.02,0.02,0.02,0,0,0,0
FA1,34,5,1979,Moderate (2030),0.026,0.026,0.026,0.026,0,0,0,0
FA1,34,6,1979,Rapid (2030),0.033,0.033,0.033,0.033,0,0,0,0
FA1,35,1,1980,Year,1980,1980,1980,1980,0,0,0,0
FA1,35,2,1980,GDP Growth,0.0360311824126086,0.0360311824126086,0.0360311824126086,0.0360311824126086,0,0,0,0
FA1,35,4,1980,Slow (2030),0.02,0.02,0.02,0.02,0,0,0,0
FA1,35,5,1980,Moderate (2030),0.026,0.026,0.026,0.026,0,0,0,0
FA1,35,6,1980,Rapid (2030),0.033,0.033,0.033,0.033,0,0,0,0
FA1,36,1,1981,Year,1981,1981,1981,1981,0,0,0,0
FA1,36,2,1981,GDP Growth,0.0305474823027172,0.0305474823027172,0.0305474823027172,0.0305474823027172,0,0,0,0
FA1,36,4,1981,Slow (2030),0.02,0.02,0.02,0.02,0,0,0,0
FA1,36,5,1981,Moderate (2030),0.026,0.026,0.026,0.026,0,0,0,0
FA1,36,6,1981,Rapid (2030),0.033,0.033,0.033,0.033,0,0,0,0
FA1,37,1,1982,Year,1982,1982,1982,1982,0,0,0,0
FA1,37,2,1982,GDP Growth,0.0178676059212435,0.0178676059212435,0.0178676059212435,0.0178676059212435,0,0,0,0
FA1,37,4,1982,Slow (2030),0.02,0.02,0.02,0.02,0,0,0,0
FA1,37,5,1982,Moderate (2030),0.026,0.026,0.026,0.026,0,0,0,0
FA1,37,6,1982,Rapid (2030),0.033,0.033,0.033,0.033,0,0,0,0
FA1,38,1,1983,Year,1983,1983,1983,1983,0,0,0,0
FA1,38,2,1983,GDP Growth,0.0160563946545672,0.0160563946545672,0.0160563946545672,0.0160563946545672,0,0,0,0
FA1,38,4,1983,Slow (2030),0.02,0.02,0.02,0.02,0,0,0,0
FA1,38,5,1983,Moderate (2030),0.026,0.026,0.026,0.026,0,0,0,0
FA1,38,6,1983,Rapid (2030),0.033,0.033,0.033,0.033,0,0,0,0
FA1,39,1,1984,Year,1984,1984,1984,1984,0,0,0,0
FA1,39,2,1984,GDP Growth,0.0237958164070871,0.0237958164070871,0.0237958164070871,0.0237958164070871,0,0,0,0
FA1,39,4,1984,Slow (2030),0.02,0.02,0.02,0.02,0,0,0,0
FA1,39,5,1984,Moderate (2030),0.026,0.026,0.026,0.026,0,0,0,0
FA1,39,6,1984,Rapid (2030),0.033,0.033,0.033,0.033,0,0,0,0
FA1,40,1,1985,Year,1985,1985,1985,1985,0,0,0,0
FA1,40,2,1985,GDP Growth,0.0324799929768449,0.0324799929768449,0.0324799929768449,0.0324799929768449,0,0,0,0
FA1,40,4,1985,Slow (2030),0.02,0.02,0.02,0.02,0,0,0,0
FA1,40,5,1985,Moderate (2030),0.026,0.026,0.026,0.026,0,0,0,0
FA1,40,6,1985,Rapid (2030),0.033,0.033,0.033,0.033,0,0,0,0
FA1,41,1,1986,Year,1986,1986,1986,1986,0,0,0,0
FA1,41,2,1986,GDP Growth,0.0342760539994622,0.0342760539994622,0.0342760539994622,0.0342760539994622,0,0,0,0
FA1,41,4,1986,Slow (2030),0.02,0.02,0.02,0.02,0,0,0,0
FA1,41,5,1986,Moderate (2030),0.026,0.026,0.026,0.026,0,0,0,0
FA1,41,6,1986,Rapid (2030),0.033,0.033,0.033,0.033,0,0,0,0
FA1,42,1,1987,Year,1987,1987,1987,1987,0,0,0,0
FA1,42,2,1987,GDP Growth,0.0447075691129953,0.0447075691129953,0.0447075691129953,0.0447075691129953,0,0,0,0
FA1,42,4,1987,Slow (2030),0.02,0.02,0.02,0.02,0,0,0,0
FA1,42,5,1987,Moderate (2030),0.026,0.026,0.026,0.026,0,0,0,0
FA1,42,6,1987,Rapid (2030),0.033,0.033,0.033,0.033,0,0,0,0
FA1,43,1,1988,Year,1988,1988,1988,1988,0,0,0,0
FA1,43,2,1988,GDP Growth,0.0439281082037663,0.0439281082037663,0.0439281082037663,0.0439281082037663,0,0,0,0
FA1,43,4,1988,Slow (2030),0.02,0.02,0.02,0.02,0,0,0,0
FA1,43,5,1988,Moderate (2030),0.026,0.026,0.026,0.026,0,0,0,0
FA1,43,6,1988,Rapid (2030),0.033,0.033,0.033,0.033,0,0,0,0
FA1,44,1,1989,Year,1989,1989,1989,1989,0,0,0,0
FA1,44,2,1989,GDP Growth,0.0371677241782276,0.0371677241782276,0.0371677241782276,0.0371677241782276,0,0,0,0
FA1,44,4,1989,Slow (2030),0.02,0.02,0.02,0.02,0,0,0,0
FA1,44,5,1989,Moderate (2030),0.026,0.026,0.026,0.026,0,0,0,0
FA1,44,6,1989,Rapid (2030),0.033,0.033,0.033,0.033,0,0,0,0
FA1,45,1,1990,Year,1990,1990,1990,1990,0,0,0,0
FA1,45,2,1990,GDP Growth,0.0327345411124181,0.0327345411124181,0.0327345411124181,0.0327345411124181,0,0,0,0
FA1,45,4,1990,Slow (2030),0.02,0.02,0.02,0.02,0,0,0,0
FA1,45,5,1990,Moderate (2030),0.026,0.026,0.026,0.026,0,0,0,0
FA1,45,6,1990,Rapid (2030),0.033,0.033,0.033,0.033,0,0,0,0
FA1,46,1,1991,Year,1991,1991,1991,1991,0,0,0,0
FA1,46,2,1991,GDP Growth,0.0257096782547688,0.0257096782547688,0.0257096782547688,0.0257096782547688,0,0,0,0
FA1,46,4,1991,Slow (2030),0.02,0.02,0.02,0.02,0,0,0,0
FA1,46,5,1991,Moderate (2030),0.026,0.026,0.026,0.026,0,0,0,0
FA1,46,6,1991,Rapid (2030),0.033,0.033,0.033,0.033,0,0,0,0
FA1,47,1,1992,Year,1992,1992,1992,1992,0,0,0,0
FA1,47,2,1992,GDP Growth,0.0258408635958997,0.0258408635958997,0.0258408635958997,0.0258408635958997,0,0,0,0
FA1,47,4,1992,Slow (2030),0.02,0.02,0.02,0.02,0,0,0,0
FA1,47,5,1992,Moderate (2030),0.026,0.026,0.026,0.026,0,0,0,0
FA1,47,6,1992,Rapid (2030),0.033,0.033,0.033,0.033,0,0,0,0
FA1,48,1,1993,Year,1993,1993,1993,1993,0,0,0,0
FA1,48,2,1993,GDP Growth,0.023085878815774,0.023085878815774,0.023085878815774,0.023085878815774,0,0,0,0
FA1,48,4,1993,Slow (2030),0.02,0.02,0.02,0.02,0,0,0,0
FA1,48,5,1993,Moderate (2030),0.026,0.026,0.026,0.026,0,0,0,0
FA1,48,6,1993,Rapid (2030),0.033,0.033,0.033,0.033,0,0,0,0
FA1,49,1,1994,Year,1994,1994,1994,1994,0,0,0,0
FA1,49,2,1994,GDP Growth,0.0237729720090172,0.0237729720090172,0.0237729720090172,0.0237729720090172,0,0,0,0
FA1,49,4,1994,Slow (2030),0.02,0.02,0.02,0.02,0,0,0,0
FA1,49,5,1994,Moderate (2030),0.026,0.026,0.026,0.026,0,0,0,0
FA1,49,6,1994,Rapid (2030),0.033,0.033,0.033,0.033,0,0,0,0
FA1,50,1,1995,Year,1995,1995,1995,1995,0,0,0,0
FA1,50,2,1995,GDP Growth,0.0253342654107534,0.0253342654107534,0.0253342654107534,0.0253342654107534,0,0,0,0
FA1,50,4,1995,Slow (2030),0.02,0.02,0.02,0.02,0,0,0,0
FA1,50,5,1995,Moderate (2030),0.026,0.026,0.026,0.026,0,0,0,0
FA1,50,6,1995,Rapid (2030),0.033,0.033,0.033,0.033,0,0,0,0
FA1,51,1,1996,Year,1996,1996,1996,1996,0,0,0,0
FA1,51,2,1996,GDP Growth,0.0329576931774987,0.0329576931774987,0.0329576931774987,0.0329576931774987,0,0,0,0
FA1,51,4,1996,Slow (2030),0.02,0.02,0.02,0.02,0,0,0,0
FA1,51,5,1996,Moderate (2030),0.026,0.026,0.026,0.026,0,0,0,0
FA1,51,6,1996,Rapid (2030),0.033,0.033,0.033,0.033,0,0,0,0
FA1,52,1,1997,Year,1997,1997,1997,1997,0,0,0,0
FA1,52,2,1997,GDP Growth,0.0347360939983297,0.0347360939983297,0.0347360939983297,0.0347360939983297,0,0,0,0
FA1,52,4,1997,Slow (2030),0.02,0.02,0.02,0.02,0,0,0,0
FA1,52,5,1997,Moderate (2030),0.026,0.026,0.026,0.026,0,0,0,0
FA1,52,6,1997,Rapid (2030),0.033,0.033,0.033,0.033,0,0,0,0
FA1,53,1,1998,Year,1998,1998,1998,1998,0,0,0,0
FA1,53,2,1998,GDP Growth,0.0380779562924978,0.0380779562924978,0.0380779562924978,0.0380779562924978,0,0,0,0
FA1,53,4,1998,Slow (2030),0.02,0.02,0.02,0.02,0,0,0,0
FA1,53,5,1998,Moderate (2030),0.026,0.026,0.026,0.026,0,0,0,0
FA1,53,6,1998,Rapid (2030),0.033,0.033,0.033,0.033,0,0,0,0
FA1,54,1,1999,Year,1999,1999,1999,1999,0,0,0,0
FA1,54,2,1999,GDP Growth,0.0395326475574233,0.0395326475574233,0.0395326475574233,0.0395326475574233,0,0,0,0
FA1,54,4,1999,Slow (2030),0.02,0.02,0.02,0.02,0,0,0,0
FA1,54,5,1999,Moderate (2030),0.026,0.026,0.026,0.026,0,0,0,0
FA1,54,6,1999,Rapid (2030),0.033,0.033,0.033,0.033,0,0,0,0
FA1,55,1,2000,Year,2000,2000,2000,2000,0,0,0,0
FA1,55,2,2000,GDP Growth,0.0422278560744889,0.0422278560744889,0.0422278560744889,0.0422278560744889,0,0,0,0
FA1,55,4,2000,Slow (2030),0.02,0.02,0.02,0.02,0,0,0,0
FA1,55,5,2000,Moderate (2030),0.026,0.026,0.026,0.026,0,0,0,0
FA1,55,6,2000,Rapid (2030),0.033,0.033,0.033,0.033,0,0,0,0
FA1,56,1,2001,Year,2001,2001,2001,2001,0,0,0,0
FA1,56,2,2001,GDP Growth,0.0367231753826559,0.0367231753826559,0.0367231753826559,0.0367231753826559,0,0,0,0
FA1,56,4,2001,Slow (2030),0.02,0.02,0.02,0.02,0,0,0,0
FA1,56,5,2001,Moderate (2030),0.026,0.026,0.026,0.026,0,0,0,0
FA1,56,6,2001,Rapid (2030),0.033,0.033,0.033,0.033,0,0,0,0
FA1,57,1,2002,Year,2002,2002,2002,2002,0,0,0,0
FA1,57,2,2002,GDP Growth,0.0313933025746305,0.0313933025746305,0.0313933025746305,0.0313933025746305,0,0,0,0
FA1,57,4,2002,Slow (2030),0.02,0.02,0.02,0.02,0,0,0,0
FA1,57,5,2002,Moderate (2030),0.026,0.026,0.026,0.026,0,0,0,0
FA1,57,6,2002,Rapid (2030),0.033,0.033,0.033,0.033,0,0,0,0
FA1,58,1,2003,Year,2003,2003,2003,2003,0,0,0,0
FA1,58,2,2003,GDP Growth,0.0281367188676185,0.0281367188676185,0.0281367188676185,0.0281367188676185,0,0,0,0
FA1,58,4,2003,Slow (2030),0.02,0.02,0.02,0.02,0,0,0,0
FA1,58,5,2003,Moderate (2030),0.026,0.026,0.026,0.026,0,0,0,0
FA1,58,6,2003,Rapid (2030),0.033,0.033,0.033,0.033,0,0,0,0
FA1,59,1,2004,Year,2004,2004,2004,2004,0,0,0,0
FA1,59,2,2004,GDP Growth,0.0263332665820354,0.0263332665820354,0.0263332665820354,0.0263332665820354,0,0,0,0
FA1,59,4,2004,Slow (2030),0.02,0.02,0.02,0.02,0,0,0,0
FA1,59,5,2004,Moderate (2030),0.026,0.026,0.026,0.026,0,0,0,0
FA1,59,6,2004,Rapid (2030),0.033,0.033,0.033,0.033,0,0,0,0
FA1,60,1,2005,Year,2005,2005,2005,2005,0,0,0,0
FA1,60,2,2005,GDP Growth,0.0251884744642215,0.0251884744642215,0.0251884744642215,0.0251884744642215,0,0,0,0
FA1,60,4,2005,Slow (2030),0.02,0.02,0.02,0.02,0,0,0,0
FA1,60,5,2005,Moderate (2030),0.026,0.026,0.026,0.026,0,0,0,0
FA1,60,6,2005,Rapid (2030),0.033,0.033,0.033,0.033,0,0,0,0
FA1,61,1,2006,Year,2006,2006,2006,2006,0,0,0,0
FA1,61,2,2006,GDP Growth,0.0287794108451656,0.0287794108451656,0.0287794108451656,0.0287794108451656,0,0,0,0
FA1,61,4,2006,Slow (2030),0.02,0.02,0.02,0.02,0,0,0,0
FA1,61,5,2006,Moderate (2030),0.026,0.026,0.026,0.026,0,0,0,0
FA1,61,6,2006,Rapid (2030),0.033,0.033,0.033,0.033,0,0,0,0
FA1,62,1,2007,Year,2007,2007,2007,2007,0,0,0,0
FA1,62,2,2007,GDP Growth,0.0293752173020636,0.0293752173020636,0.0293752173020636,0.0293752173020636,0,0,0,0
FA1,62,4,2007,Slow (2030),0.02,0.02,0.02,0.02,0,0,0,0
FA1,62,5,2007,Moderate (2030),0.026,0.026,0.026,0.026,0,0,0,0
FA1,62,6,2007,Rapid (2030),0.033,0.033,0.033,0.033,0,0,0,0
FA1,63,1,2008,Year,2008,2008,2008,2008,0,0,0,0
FA1,63,2,2008,GDP Growth,0.0240877557809071,0.0240877557809071,0.0240877557809071,0.0240877557809071,0,0,0,0
FA1,63,4,2008,Slow (2030),0.02,0.02,0.02,0.02,0,0,0,0
FA1,63,5,2008,Moderate (2030),0.026,0.026,0.026,0.026,0,0,0,0
FA1,63,6,2008,Rapid (2030),0.033,0.033,0.033,0.033,0,0,0,0
FA1,64,1,2009,Year,2009,2009,2009,2009,0,0,0,0
FA1,64,2,2009,GDP Growth,0.0113160401894788,0.0113160401894788,0.0113160401894788,0.0113160401894788,0,0,0,0
FA1,64,4,2009,Slow (2030),0.02,0.02,0.02,0.02,0,0,0,0
FA1,64,5,2009,Moderate (2030),0.026,0.026,0.026,0.026,0,0,0,0
FA1,64,6,2009,Rapid (2030),0.033,0.033,0.033,0.033,0,0,0,0
FA1,65,1,2010,Year,2010,2010,2010,2010,0,0,0,0
FA1,65,2,2010,GDP Growth,0.00978656566828811,0.00978656566828811,0.00978656566828811,0.00978656566828811,0,0,0,0
FA1,65,4,2010,Slow (2030),0.02,0.02,0.02,0.02,0,0,0,0
FA1,65,5,2010,Moderate (2030),0.026,0.026,0.026,0.026,0,0,0,0
FA1,65,6,2010,Rapid (2030),0.033,0.033,0.033,0.033,0,0,0,0
FA1,66,1,2011,Year,2011,2011,2011,2011,0,0,0,0
FA1,66,2,2011,GDP Growth,0.00739821760710235,0.00739821760710235,0.00739821760710235,0.00739821760710235,0,0,0,0
FA1,66,4,2011,Slow (2030),0.02,0.02,0.02,0.02,0,0,0,0
FA1,66,5,2011,Moderate (2030),0.026,0.026,0.026,0.026,0,0,0,0
FA1,66,6,2011,Rapid (2030),0.033,0.033,0.033,0.033,0,0,0,0
FA1,67,1,2012,Year,2012,2012,2012,2012,0,0,0,0
FA1,67,2,2012,GDP Growth,0.00795672450899403,0.00795672450899403,0.00795672450899403,0.00795672450899403,0,0,0,0
FA1,67,4,2012,Slow (2030),0.02,0.02,0.02,0.02,0,0,0,0
FA1,67,5,2012,Moderate (2030),0.026,0.026,0.026,0.026,0,0,0,0
FA1,67,6,2012,Rapid (2030),0.033,0.033,0.033,0.033,0,0,0,0
FA1,68,1,2013,Year,2013,2013,2013,2013,0,0,0,0
FA1,68,2,2013,GDP Growth,0.0119211165358337,0.0119211165358337,0.0119211165358337,0.0119211165358337,0,0,0,0
FA1,68,4,2013,Slow (2030),0.02,0.02,0.02,0.02,0,0,0,0
FA1,68,5,2013,Moderate (2030),0.026,0.026,0.026,0.026,0,0,0,0
FA1,68,6,2013,Rapid (2030),0.033,0.033,0.033,0.033,0,0,0,0
FA1,69,1,2014,Year,2014,2014,2014,2014,0,0,0,0
FA1,69,2,2014,GDP Growth,0.0221266517264958,0.0221266517264958,0.0221266517264958,0.0221266517264958,0,0,0,0
FA1,69,4,2014,Slow (2030),0.02,0.02,0.02,0.02,0,0,0,0
FA1,69,5,2014,Moderate (2030),0.026,0.026,0.026,0.026,0,0,0,0
FA1,69,6,2014,Rapid (2030),0.033,0.033,0.033,0.033,0,0,0,0
FA1,70,1,2015,Year,2015,2015,2015,2015,0,0,0,0
FA1,70,2,2015,GDP Growth,0.0226136304614972,0.0226136304614972,0.0226136304614972,0.0226136304614972,0,0,0,0
FA1,70,4,2015,Slow (2030),0.02,0.02,0.02,0.02,0,0,0,0
FA1,70,5,2015,Moderate (2030),0.026,0.026,0.026,0.026,0,0,0,0
FA1,70,6,2015,Rapid (2030),0.033,0.033,0.033,0.033,0,0,0,0
FA1,71,1,2016,Year,2016,2016,2016,2016,0,0,0,0
FA1,71,2,2016,GDP Growth,0.0231152359112279,0.0231152359112279,0.0231152359112279,0.0231152359112279,0,0,0,0
FA1,71,4,2016,Slow (2030),0.02,0.02,0.02,0.02,0,0,0,0
FA1,71,5,2016,Moderate (2030),0.026,0.026,0.026,0.026,0,0,0,0
FA1,71,6,2016,Rapid (2030),0.033,0.033,0.033,0.033,0,0,0,0
FA1,72,1,2017,Year,2017,2017,2017,2017,0,0,0,0
FA1,72,2,2017,GDP Growth,0.0234444460649698,0.0234444460649698,0.0234444460649698,0.0234444460649698,0,0,0,0
FA1,72,4,2017,Slow (2030),0.02,0.02,0.02,0.02,0,0,0,0
FA1,72,5,2017,Moderate (2030),0.026,0.026,0.026,0.026,0,0,0,0
FA1,72,6,2017,Rapid (2030),0.033,0.033,0.033,0.033,0,0,0,0
FA1,73,1,2018,Year,2018,2018,2018,2018,0,0,0,0
FA1,73,2,2018,GDP Growth,0.0250997160534169,0.0250997160534169,0.0250997160534169,0.0250997160534169,0,0,0,0
FA1,73,4,2018,Slow (2030),0.02,0.02,0.02,0.02,0,0,0,0
FA1,73,5,2018,Moderate (2030),0.026,0.026,0.026,0.026,0,0,0,0
FA1,73,6,2018,Rapid (2030),0.033,0.033,0.033,0.033,0,0,0,0
FA1,74,1,2019,Year,2019,2019,2019,2019,0,0,0,0
FA1,74,2,2019,GDP Growth,0.0252167480602946,0.0252167480602946,0.0252167480602946,0.0252167480602946,0,0,0,0
FA1,74,4,2019,Slow (2030),0.02,0.02,0.02,0.02,0,0,0,0
FA1,74,5,2019,Moderate (2030),0.026,0.026,0.026,0.026,0,0,0,0
FA1,74,6,2019,Rapid (2030),0.033,0.033,0.033,0.033,0,0,0,0
FA1,75,1,2020,Year,2020,2020,2020,2020,0,0,0,0
FA1,75,2,2020,GDP Growth,0.0152040568697199,0.0152040568697199,0.0152040568697199,0.0152040568697199,0,0,0,0
FA1,75,4,2020,Slow (2030),0.02,0.02,0.02,0.02,0,0,0,0
FA1,75,5,2020,Moderate (2030),0.026,0.026,0.026,0.026,0,0,0,0
FA1,75,6,2020,Rapid (2030),0.033,0.033,0.033,0.033,0,0,0,0
FA1,76,1,2021,Year,2021,2021,2021,2021,0,0,0,0
FA1,76,2,2021,GDP Growth,0.0237573082522044,0.0237573082522044,0.0237573082522044,0.0237573082522044,0,0,0,0
FA1,76,4,2021,Slow (2030),0.02,0.02,0.02,0.02,0,0,0,0
FA1,76,5,2021,Moderate (2030),0.026,0.026,0.026,0.026,0,0,0,0
FA1,76,6,2021,Rapid (2030),0.033,0.033,0.033,0.033,0,0,0,0
FA1,77,1,2022,Year,2022,2022,2022,2022,0,0,0,0
FA1,77,2,2022,GDP Growth,0.0237025923488549,0.0237025923488549,0.0237025923488549,0.0237025923488549,0,0,0,0
FA1,77,4,2022,Slow (2030),0.02,0.02,0.02,0.02,0,0,0,0
FA1,77,5,2022,Moderate (2030),0.026,0.026,0.026,0.026,0,0,0,0
FA1,77,6,2022,Rapid (2030),0.033,0.033,0.033,0.033,0,0,0,0
FA1,78,1,2023,Year,2023,2023,2023,2023,0,0,0,0
FA1,78,2,2023,GDP Growth,0.0236094464296709,0.0236094464296709,0.0236094464296709,0.0236094464296709,0,0,0,0
FA1,78,4,2023,Slow (2030),0.02,0.02,0.02,0.02,0,0,0,0
FA1,78,5,2023,Moderate (2030),0.026,0.026,0.026,0.026,0,0,0,0
FA1,78,6,2023,Rapid (2030),0.033,0.033,0.033,0.033,0,0,0,0
FA1,79,1,2024,Year,2024,2024,2024,2024,0,0,0,0
FA1,79,2,2024,GDP Growth,0.0243254433617899,0.0243254433617899,0.0243254433617899,0.0243254433617899,0,0,0,0
FA1,79,4,2024,Slow (2030),0.02,0.02,0.02,0.02,0,0,0,0
FA1,79,5,2024,Moderate (2030),0.026,0.026,0.026,0.026,0,0,0,0
FA1,79,6,2024,Rapid (2030),0.033,0.033,0.033,0.033,0,0,0,0
FA1,80,1,2025,Year,2025,2025,2025,2025,0,0,0,0
FA1,80,2,2025,GDP Growth,0.0331663413820539,0.0331663413820539,0.0331663413820539,0.0331663413820539,0,0,0,0
FA1,80,3,2025,CBO Projection,0.0331663413820539,0.0331663413820539,0.0331663413820539,0.0331663413820539,0,0,0,0
FA1,80,4,2025,Slow (2030),0.02,0.02,0.02,0.02,0,0,0,0
FA1,80,5,2025,Moderate (2030),0.026,0.026,0.026,0.026,0,0,0,0
FA1,80,6,2025,Rapid (2030),0.033,0.033,0.033,0.033,0,0,0,0
FA1,81,1,2026,Year,2026,2026,2026,2026,0,0,0,0
FA1,81,3,2026,CBO Projection,0.0253591906876665,0.0253591906876665,0.0253591906876665,0.0253591906876665,0,0,0,0
FA1,81,4,2026,Slow (2030),0.02,0.02,0.02,0.02,0,0,0,0
FA1,81,5,2026,Moderate (2030),0.026,0.026,0.026,0.026,0,0,0,0
FA1,81,6,2026,Rapid (2030),0.033,0.033,0.033,0.033,0,0,0,0
FA1,82,1,2027,Year,2027,2027,2027,2027,0,0,0,0
FA1,82,3,2027,CBO Projection,0.0241260705015787,0.0241260705015787,0.0241260705015787,0.0241260705015787,0,0,0,0
FA1,82,4,2027,Slow (2030),0.02,0.02,0.02,0.02,0,0,0,0
FA1,82,5,2027,Moderate (2030),0.026,0.026,0.026,0.026,0,0,0,0
FA1,82,6,2027,Rapid (2030),0.033,0.033,0.033,0.033,0,0,0,0
FA1,83,1,2028,Year,2028,2028,2028,2028,0,0,0,0
FA1,83,3,2028,CBO Projection,0.0219405014030229,0.0219405014030229,0.0219405014030229,0.0219405014030229,0,0,0,0
FA1,83,4,2028,Slow (2030),0.02,0.02,0.02,0.02,0,0,0,0
FA1,83,5,2028,Moderate (2030),0.026,0.026,0.026,0.026,0,0,0,0
FA1,83,6,2028,Rapid (2030),0.033,0.033,0.033,0.033,0,0,0,0
FA1,84,1,2029,Year,2029,2029,2029,2029,0,0,0,0
FA1,84,3,2029,CBO Projection,0.0196904585479317,0.0196904585479317,0.0196904585479317,0.0196904585479317,0,0,0,0
FA1,84,4,2029,Slow (2030),0.02,0.02,0.02,0.02,0,0,0,0
FA1,84,5,2029,Moderate (2030),0.026,0.026,0.026,0.026,0,0,0,0
FA1,84,6,2029,Rapid (2030),0.033,0.033,0.033,0.033,0,0,0,0
FA1,85,1,2030,Year,2030,2030,2030,2030,0,0,0,0
FA1,85,3,2030,CBO Projection,0.0186242328589675,0.0186242328589675,0.0186242328589675,0.0186242328589675,0,0,0,0
FA1,85,4,2030,Slow (2030),0.02,0.02,0.02,0.02,0,0,0,0
FA1,85,5,2030,Moderate (2030),0.026,0.026,0.026,0.026,0,0,0,0
FA1,85,6,2030,Rapid (2030),0.033,0.033,0.033,0.033,0,0,0,0
FA1,86,1,2031,Year,2031,2031,2031,2031,0,0,0,0
FA1,86,3,2031,CBO Projection,0.0178399181283307,0.0178399181283307,0.0178399181283307,0.0178399181283307,0,0,0,0
FA1,86,4,2031,Slow (2030),0.02,0.02,0.02,0.02,0,0,0,0
FA1,86,5,2031,Moderate (2030),0.026,0.026,0.026,0.026,0,0,0,0
FA1,86,6,2031,Rapid (2030),0.033,0.033,0.033,0.033,0,0,0,0
FA1,87,1,2032,Year,2032,2032,2032,2032,0,0,0,0
FA1,87,3,2032,CBO Projection,0.0178399181283307,0.0178399181283307,0.0178399181283307,0.0178399181283307,0,0,0,0
FA1,87,4,2032,Slow (2030),0.02,0.02,0.02,0.02,0,0,0,0
FA1,87,5,2032,Moderate (2030),0.026,0.026,0.026,0.026,0,0,0,0
FA1,87,6,2032,Rapid (2030),0.033,0.033,0.033,0.033,0,0,0,0
FA1,88,1,2033,Year,2033,2033,2033,2033,0,0,0,0
FA1,88,3,2033,CBO Projection,0.0178399181283307,0.0178399181283307,0.0178399181283307,0.0178399181283307,0,0,0,0
FA1,88,4,2033,Slow (2030),0.02,0.02,0.02,0.02,0,0,0,0
FA1,88,5,2033,Moderate (2030),0.026,0.026,0.026,0.026,0,0,0,0
FA1,88,6,2033,Rapid (2030),0.033,0.033,0.033,0.033,0,0,0,0
FA1,89,1,2034,Year,2034,2034,2034,2034,0,0,0,0
FA1,89,3,2034,CBO Projection,0.0178399181283307,0.0178399181283307,0.0178399181283307,0.0178399181283307,0,0,0,0
FA1,89,4,2034,Slow (2030),0.02,0.02,0.02,0.02,0,0,0,0
FA1,89,5,2034,Moderate (2030),0.026,0.026,0.026,0.026,0,0,0,0
FA1,89,6,2034,Rapid (2030),0.033,0.033,0.033,0.033,0,0,0,0
FA1,90,1,2035,Year,2035,2035,2035,2035,0,0,0,0
FA1,90,3,2035,CBO Projection,0.0178399181283307,0.0178399181283307,0.0178399181283307,0.0178399181283307,0,0,0,0
FA1,90,4,2035,Slow (2030),0.02,0.02,0.02,0.02,0,0,0,0
FA1,90,5,2035,Moderate (2030),0.026,0.026,0.026,0.026,0,0,0,0
FA1,90,6,2035,Rapid (2030),0.033,0.033,0.033,0.033,0,0,0,0
FA1,91,1,2036,Year,2036,2036,2036,2036,0,0,0,0
FA1,91,3,2036,CBO Projection,0.0178399181283311,0.0178399181283311,0.0178399181283311,0.0178399181283311,0,0,0,0
FA1,91,4,2036,Slow (2030),0.02,0.02,0.02,0.02,0,0,0,0
FA1,91,5,2036,Moderate (2030),0.026,0.026,0.026,0.026,0,0,0,0
FA1,91,6,2036,Rapid (2030),0.033,0.033,0.033,0.033,0,0,0,0
FA2,7,1,1947,Year,1947,1947,1947,1947,0,0,0,0
FA2,7,2,1947,Labor Share,0.651496080117596,0.651496080117596,0.651496080117596,0.651496080117596,0,0,0,0
FA2,7,3,1947,Slow (2030),0.55,0.55,0.55,0.55,0,0,0,0
FA2,7,4,1947,Moderate (2030),0.538,0.54,0.538,0.54,0.002,0,0.002,0
FA2,7,5,1947,Rapid (2030),0.513,0.52,0.513,0.52,0.00700000000000001,0,0.00700000000000001,0
FA2,8,1,1948,Year,1948,1948,1948,1948,0,0,0,0
FA2,8,2,1948,Labor Share,0.647027064188074,0.647027064188074,0.647027064188074,0.647027064188074,0,0,0,0
FA2,8,3,1948,Slow (2030),0.55,0.55,0.55,0.55,0,0,0,0
FA2,8,4,1948,Moderate (2030),0.538,0.54,0.538,0.54,0.002,0,0.002,0
FA2,8,5,1948,Rapid (2030),0.513,0.52,0.513,0.52,0.00700000000000001,0,0.00700000000000001,0
FA2,9,1,1949,Year,1949,1949,1949,1949,0,0,0,0
FA2,9,2,1949,Labor Share,0.640371563853084,0.640371563853084,0.640371563853084,0.640371563853084,0,0,0,0
FA2,9,3,1949,Slow (2030),0.55,0.55,0.55,0.55,0,0,0,0
FA2,9,4,1949,Moderate (2030),0.538,0.54,0.538,0.54,0.002,0,0.002,0
FA2,9,5,1949,Rapid (2030),0.513,0.52,0.513,0.52,0.00700000000000001,0,0.00700000000000001,0
FA2,10,1,1950,Year,1950,1950,1950,1950,0,0,0,0
FA2,10,2,1950,Labor Share,0.629146763097107,0.629146763097107,0.629146763097107,0.629146763097107,0,0,0,0
FA2,10,3,1950,Slow (2030),0.55,0.55,0.55,0.55,0,0,0,0
FA2,10,4,1950,Moderate (2030),0.538,0.54,0.538,0.54,0.002,0,0.002,0
FA2,10,5,1950,Rapid (2030),0.513,0.52,0.513,0.52,0.00700000000000001,0,0.00700000000000001,0
FA2,11,1,1951,Year,1951,1951,1951,1951,0,0,0,0
FA2,11,2,1951,Labor Share,0.625696129116126,0.625696129116126,0.625696129116126,0.625696129116126,0,0,0,0
FA2,11,3,1951,Slow (2030),0.55,0.55,0.55,0.55,0,0,0,0
FA2,11,4,1951,Moderate (2030),0.538,0.54,0.538,0.54,0.002,0,0.002,0
FA2,11,5,1951,Rapid (2030),0.513,0.52,0.513,0.52,0.00700000000000001,0,0.00700000000000001,0
FA2,12,1,1952,Year,1952,1952,1952,1952,0,0,0,0
FA2,12,2,1952,Labor Share,0.634798006059818,0.634798006059818,0.634798006059818,0.634798006059818,0,0,0,0
FA2,12,3,1952,Slow (2030),0.55,0.55,0.55,0.55,0,0,0,0
FA2,12,4,1952,Moderate (2030),0.538,0.54,0.538,0.54,0.002,0,0.002,0
FA2,12,5,1952,Rapid (2030),0.513,0.52,0.513,0.52,0.00700000000000001,0,0.00700000000000001,0
FA2,13,1,1953,Year,1953,1953,1953,1953,0,0,0,0
FA2,13,2,1953,Labor Share,0.641966228513145,0.641966228513145,0.641966228513145,0.641966228513145,0,0,0,0
FA2,13,3,1953,Slow (2030),0.55,0.55,0.55,0.55,0,0,0,0
FA2,13,4,1953,Moderate (2030),0.538,0.54,0.538,0.54,0.002,0,0.002,0
FA2,13,5,1953,Rapid (2030),0.513,0.52,0.513,0.52,0.00700000000000001,0,0.00700000000000001,0
FA2,14,1,1954,Year,1954,1954,1954,1954,0,0,0,0
FA2,14,2,1954,Labor Share,0.643791123766287,0.643791123766287,0.643791123766287,0.643791123766287,0,0,0,0
FA2,14,3,1954,Slow (2030),0.55,0.55,0.55,0.55,0,0,0,0
FA2,14,4,1954,Moderate (2030),0.538,0.54,0.538,0.54,0.002,0,0.002,0
FA2,14,5,1954,Rapid (2030),0.513,0.52,0.513,0.52,0.00700000000000001,0,0.00700000000000001,0
FA2,15,1,1955,Year,1955,1955,1955,1955,0,0,0,0
FA2,15,2,1955,Labor Share,0.628735737927862,0.628735737927862,0.628735737927862,0.628735737927862,0,0,0,0
FA2,15,3,1955,Slow (2030),0.55,0.55,0.55,0.55,0,0,0,0
FA2,15,4,1955,Moderate (2030),0.538,0.54,0.538,0.54,0.002,0,0.002,0
FA2,15,5,1955,Rapid (2030),0.513,0.52,0.513,0.52,0.00700000000000001,0,0.00700000000000001,0
FA2,16,1,1956,Year,1956,1956,1956,1956,0,0,0,0
FA2,16,2,1956,Labor Share,0.648065220543384,0.648065220543384,0.648065220543384,0.648065220543384,0,0,0,0
FA2,16,3,1956,Slow (2030),0.55,0.55,0.55,0.55,0,0,0,0
FA2,16,4,1956,Moderate (2030),0.538,0.54,0.538,0.54,0.002,0,0.002,0
FA2,16,5,1956,Rapid (2030),0.513,0.52,0.513,0.52,0.00700000000000001,0,0.00700000000000001,0
FA2,17,1,1957,Year,1957,1957,1957,1957,0,0,0,0
FA2,17,2,1957,Labor Share,0.647753067407978,0.647753067407978,0.647753067407978,0.647753067407978,0,0,0,0
FA2,17,3,1957,Slow (2030),0.55,0.55,0.55,0.55,0,0,0,0
FA2,17,4,1957,Moderate (2030),0.538,0.54,0.538,0.54,0.002,0,0.002,0
FA2,17,5,1957,Rapid (2030),0.513,0.52,0.513,0.52,0.00700000000000001,0,0.00700000000000001,0
FA2,18,1,1958,Year,1958,1958,1958,1958,0,0,0,0
FA2,18,2,1958,Labor Share,0.648798286051418,0.648798286051418,0.648798286051418,0.648798286051418,0,0,0,0
FA2,18,3,1958,Slow (2030),0.55,0.55,0.55,0.55,0,0,0,0
FA2,18,4,1958,Moderate (2030),0.538,0.54,0.538,0.54,0.002,0,0.002,0
FA2,18,5,1958,Rapid (2030),0.513,0.52,0.513,0.52,0.00700000000000001,0,0.00700000000000001,0
FA2,19,1,1959,Year,1959,1959,1959,1959,0,0,0,0
FA2,19,2,1959,Labor Share,0.640543883683489,0.640543883683489,0.640543883683489,0.640543883683489,0,0,0,0
FA2,19,3,1959,Slow (2030),0.55,0.55,0.55,0.55,0,0,0,0
FA2,19,4,1959,Moderate (2030),0.538,0.54,0.538,0.54,0.002,0,0.002,0
FA2,19,5,1959,Rapid (2030),0.513,0.52,0.513,0.52,0.00700000000000001,0,0.00700000000000001,0
FA2,20,1,1960,Year,1960,1960,1960,1960,0,0,0,0
FA2,20,2,1960,Labor Share,0.652715031049068,0.652715031049068,0.652715031049068,0.652715031049068,0,0,0,0
FA2,20,3,1960,Slow (2030),0.55,0.55,0.55,0.55,0,0,0,0
FA2,20,4,1960,Moderate (2030),0.538,0.54,0.538,0.54,0.002,0,0.002,0
FA2,20,5,1960,Rapid (2030),0.513,0.52,0.513,0.52,0.00700000000000001,0,0.00700000000000001,0
FA2,21,1,1961,Year,1961,1961,1961,1961,0,0,0,0
FA2,21,2,1961,Labor Share,0.648073695289141,0.648073695289141,0.648073695289141,0.648073695289141,0,0,0,0
FA2,21,3,1961,Slow (2030),0.55,0.55,0.55,0.55,0,0,0,0
FA2,21,4,1961,Moderate (2030),0.538,0.54,0.538,0.54,0.002,0,0.002,0
FA2,21,5,1961,Rapid (2030),0.513,0.52,0.513,0.52,0.00700000000000001,0,0.00700000000000001,0
FA2,22,1,1962,Year,1962,1962,1962,1962,0,0,0,0
FA2,22,2,1962,Labor Share,0.638961931142066,0.638961931142066,0.638961931142066,0.638961931142066,0,0,0,0
FA2,22,3,1962,Slow (2030),0.55,0.55,0.55,0.55,0,0,0,0
FA2,22,4,1962,Moderate (2030),0.538,0.54,0.538,0.54,0.002,0,0.002,0
FA2,22,5,1962,Rapid (2030),0.513,0.52,0.513,0.52,0.00700000000000001,0,0.00700000000000001,0
FA2,23,1,1963,Year,1963,1963,1963,1963,0,0,0,0
FA2,23,2,1963,Labor Share,0.633975955721328,0.633975955721328,0.633975955721328,0.633975955721328,0,0,0,0
FA2,23,3,1963,Slow (2030),0.55,0.55,0.55,0.55,0,0,0,0
FA2,23,4,1963,Moderate (2030),0.538,0.54,0.538,0.54,0.002,0,0.002,0
FA2,23,5,1963,Rapid (2030),0.513,0.52,0.513,0.52,0.00700000000000001,0,0.00700000000000001,0
FA2,24,1,1964,Year,1964,1964,1964,1964,0,0,0,0
FA2,24,2,1964,Labor Share,0.627180622081338,0.627180622081338,0.627180622081338,0.627180622081338,0,0,0,0
FA2,24,3,1964,Slow (2030),0.55,0.55,0.55,0.55,0,0,0,0
FA2,24,4,1964,Moderate (2030),0.538,0.54,0.538,0.54,0.002,0,0.002,0
FA2,24,5,1964,Rapid (2030),0.513,0.52,0.513,0.52,0.00700000000000001,0,0.00700000000000001,0
FA2,25,1,1965,Year,1965,1965,1965,1965,0,0,0,0
FA2,25,2,1965,Labor Share,0.620091497255082,0.620091497255082,0.620091497255082,0.620091497255082,0,0,0,0
FA2,25,3,1965,Slow (2030),0.55,0.55,0.55,0.55,0,0,0,0
FA2,25,4,1965,Moderate (2030),0.538,0.54,0.538,0.54,0.002,0,0.002,0
FA2,25,5,1965,Rapid (2030),0.513,0.52,0.513,0.52,0.00700000000000001,0,0.00700000000000001,0
FA2,26,1,1966,Year,1966,1966,1966,1966,0,0,0,0
FA2,26,2,1966,Labor Share,0.619748270051898,0.619748270051898,0.619748270051898,0.619748270051898,0,0,0,0
FA2,26,3,1966,Slow (2030),0.55,0.55,0.55,0.55,0,0,0,0
FA2,26,4,1966,Moderate (2030),0.538,0.54,0.538,0.54,0.002,0,0.002,0
FA2,26,5,1966,Rapid (2030),0.513,0.52,0.513,0.52,0.00700000000000001,0,0.00700000000000001,0
FA2,27,1,1967,Year,1967,1967,1967,1967,0,0,0,0
FA2,27,2,1967,Labor Share,0.624398080557583,0.624398080557583,0.624398080557583,0.624398080557583,0,0,0,0
FA2,27,3,1967,Slow (2030),0.55,0.55,0.55,0.55,0,0,0,0
FA2,27,4,1967,Moderate (2030),0.538,0.54,0.538,0.54,0.002,0,0.002,0
FA2,27,5,1967,Rapid (2030),0.513,0.52,0.513,0.52,0.00700000000000001,0,0.00700000000000001,0
FA2,28,1,1968,Year,1968,1968,1968,1968,0,0,0,0
FA2,28,2,1968,Labor Share,0.624547801065968,0.624547801065968,0.624547801065968,0.624547801065968,0,0,0,0
FA2,28,3,1968,Slow (2030),0.55,0.55,0.55,0.55,0,0,0,0
FA2,28,4,1968,Moderate (2030),0.538,0.54,0.538,0.54,0.002,0,0.002,0
FA2,28,5,1968,Rapid (2030),0.513,0.52,0.513,0.52,0.00700000000000001,0,0.00700000000000001,0
FA2,29,1,1969,Year,1969,1969,1969,1969,0,0,0,0
FA2,29,2,1969,Labor Share,0.637504274871754,0.637504274871754,0.637504274871754,0.637504274871754,0,0,0,0
FA2,29,3,1969,Slow (2030),0.55,0.55,0.55,0.55,0,0,0,0
FA2,29,4,1969,Moderate (2030),0.538,0.54,0.538,0.54,0.002,0,0.002,0
FA2,29,5,1969,Rapid (2030),0.513,0.52,0.513,0.52,0.00700000000000001,0,0.00700000000000001,0
FA2,30,1,1970,Year,1970,1970,1970,1970,0,0,0,0
FA2,30,2,1970,Labor Share,0.643832085037449,0.643832085037449,0.643832085037449,0.643832085037449,0,0,0,0
FA2,30,3,1970,Slow (2030),0.55,0.55,0.55,0.55,0,0,0,0
FA2,30,4,1970,Moderate (2030),0.538,0.54,0.538,0.54,0.002,0,0.002,0
FA2,30,5,1970,Rapid (2030),0.513,0.52,0.513,0.52,0.00700000000000001,0,0.00700000000000001,0
FA2,31,1,1971,Year,1971,1971,1971,1971,0,0,0,0
FA2,31,2,1971,Labor Share,0.630288028859134,0.630288028859134,0.630288028859134,0.630288028859134,0,0,0,0
FA2,31,3,1971,Slow (2030),0.55,0.55,0.55,0.55,0,0,0,0
FA2,31,4,1971,Moderate (2030),0.538,0.54,0.538,0.54,0.002,0,0.002,0
FA2,31,5,1971,Rapid (2030),0.513,0.52,0.513,0.52,0.00700000000000001,0,0.00700000000000001,0
FA2,32,1,1972,Year,1972,1972,1972,1972,0,0,0,0
FA2,32,2,1972,Labor Share,0.629597337079888,0.629597337079888,0.629597337079888,0.629597337079888,0,0,0,0
FA2,32,3,1972,Slow (2030),0.55,0.55,0.55,0.55,0,0,0,0
FA2,32,4,1972,Moderate (2030),0.538,0.54,0.538,0.54,0.002,0,0.002,0
FA2,32,5,1972,Rapid (2030),0.513,0.52,0.513,0.52,0.00700000000000001,0,0.00700000000000001,0
FA2,33,1,1973,Year,1973,1973,1973,1973,0,0,0,0
FA2,33,2,1973,Labor Share,0.634768344449667,0.634768344449667,0.634768344449667,0.634768344449667,0,0,0,0
FA2,33,3,1973,Slow (2030),0.55,0.55,0.55,0.55,0,0,0,0
FA2,33,4,1973,Moderate (2030),0.538,0.54,0.538,0.54,0.002,0,0.002,0
FA2,33,5,1973,Rapid (2030),0.513,0.52,0.513,0.52,0.00700000000000001,0,0.00700000000000001,0
FA2,34,1,1974,Year,1974,1974,1974,1974,0,0,0,0
FA2,34,2,1974,Labor Share,0.640108846734598,0.640108846734598,0.640108846734598,0.640108846734598,0,0,0,0
FA2,34,3,1974,Slow (2030),0.55,0.55,0.55,0.55,0,0,0,0
FA2,34,4,1974,Moderate (2030),0.538,0.54,0.538,0.54,0.002,0,0.002,0
FA2,34,5,1974,Rapid (2030),0.513,0.52,0.513,0.52,0.00700000000000001,0,0.00700000000000001,0
FA2,35,1,1975,Year,1975,1975,1975,1975,0,0,0,0
FA2,35,2,1975,Labor Share,0.622261032169035,0.622261032169035,0.622261032169035,0.622261032169035,0,0,0,0
FA2,35,3,1975,Slow (2030),0.55,0.55,0.55,0.55,0,0,0,0
FA2,35,4,1975,Moderate (2030),0.538,0.54,0.538,0.54,0.002,0,0.002,0
FA2,35,5,1975,Rapid (2030),0.513,0.52,0.513,0.52,0.00700000000000001,0,0.00700000000000001,0
FA2,36,1,1976,Year,1976,1976,1976,1976,0,0,0,0
FA2,36,2,1976,Labor Share,0.614447316580503,0.614447316580503,0.614447316580503,0.614447316580503,0,0,0,0
FA2,36,3,1976,Slow (2030),0.55,0.55,0.55,0.55,0,0,0,0
FA2,36,4,1976,Moderate (2030),0.538,0.54,0.538,0.54,0.002,0,0.002,0
FA2,36,5,1976,Rapid (2030),0.513,0.52,0.513,0.52,0.00700000000000001,0,0.00700000000000001,0
FA2,37,1,1977,Year,1977,1977,1977,1977,0,0,0,0
FA2,37,2,1977,Labor Share,0.615265129546114,0.615265129546114,0.615265129546114,0.615265129546114,0,0,0,0
FA2,37,3,1977,Slow (2030),0.55,0.55,0.55,0.55,0,0,0,0
FA2,37,4,1977,Moderate (2030),0.538,0.54,0.538,0.54,0.002,0,0.002,0
FA2,37,5,1977,Rapid (2030),0.513,0.52,0.513,0.52,0.00700000000000001,0,0.00700000000000001,0
FA2,38,1,1978,Year,1978,1978,1978,1978,0,0,0,0
FA2,38,2,1978,Labor Share,0.618594292171235,0.618594292171235,0.618594292171235,0.618594292171235,0,0,0,0
FA2,38,3,1978,Slow (2030),0.55,0.55,0.55,0.55,0,0,0,0
FA2,38,4,1978,Moderate (2030),0.538,0.54,0.538,0.54,0.002,0,0.002,0
FA2,38,5,1978,Rapid (2030),0.513,0.52,0.513,0.52,0.00700000000000001,0,0.00700000000000001,0
FA2,39,1,1979,Year,1979,1979,1979,1979,0,0,0,0
FA2,39,2,1979,Labor Share,0.626265349539514,0.626265349539514,0.626265349539514,0.626265349539514,0,0,0,0
FA2,39,3,1979,Slow (2030),0.55,0.55,0.55,0.55,0,0,0,0
FA2,39,4,1979,Moderate (2030),0.538,0.54,0.538,0.54,0.002,0,0.002,0
FA2,39,5,1979,Rapid (2030),0.513,0.52,0.513,0.52,0.00700000000000001,0,0.00700000000000001,0
FA2,40,1,1980,Year,1980,1980,1980,1980,0,0,0,0
FA2,40,2,1980,Labor Share,0.633559280721578,0.633559280721578,0.633559280721578,0.633559280721578,0,0,0,0
FA2,40,3,1980,Slow (2030),0.55,0.55,0.55,0.55,0,0,0,0
FA2,40,4,1980,Moderate (2030),0.538,0.54,0.538,0.54,0.002,0,0.002,0
FA2,40,5,1980,Rapid (2030),0.513,0.52,0.513,0.52,0.00700000000000001,0,0.00700000000000001,0
FA2,41,1,1981,Year,1981,1981,1981,1981,0,0,0,0
FA2,41,2,1981,Labor Share,0.624471528354149,0.624471528354149,0.624471528354149,0.624471528354149,0,0,0,0
FA2,41,3,1981,Slow (2030),0.55,0.55,0.55,0.55,0,0,0,0
FA2,41,4,1981,Moderate (2030),0.538,0.54,0.538,0.54,0.002,0,0.002,0
FA2,41,5,1981,Rapid (2030),0.513,0.52,0.513,0.52,0.00700000000000001,0,0.00700000000000001,0
FA2,42,1,1982,Year,1982,1982,1982,1982,0,0,0,0
FA2,42,2,1982,Labor Share,0.636333347499575,0.636333347499575,0.636333347499575,0.636333347499575,0,0,0,0
FA2,42,3,1982,Slow (2030),0.55,0.55,0.55,0.55,0,0,0,0
FA2,42,4,1982,Moderate (2030),0.538,0.54,0.538,0.54,0.002,0,0.002,0
FA2,42,5,1982,Rapid (2030),0.513,0.52,0.513,0.52,0.00700000000000001,0,0.00700000000000001,0
FA2,43,1,1983,Year,1983,1983,1983,1983,0,0,0,0
FA2,43,2,1983,Labor Share,0.617258107256782,0.617258107256782,0.617258107256782,0.617258107256782,0,0,0,0
FA2,43,3,1983,Slow (2030),0.55,0.55,0.55,0.55,0,0,0,0
FA2,43,4,1983,Moderate (2030),0.538,0.54,0.538,0.54,0.002,0,0.002,0
FA2,43,5,1983,Rapid (2030),0.513,0.52,0.513,0.52,0.00700000000000001,0,0.00700000000000001,0
FA2,44,1,1984,Year,1984,1984,1984,1984,0,0,0,0
FA2,44,2,1984,Labor Share,0.612554623361299,0.612554623361299,0.612554623361299,0.612554623361299,0,0,0,0
FA2,44,3,1984,Slow (2030),0.55,0.55,0.55,0.55,0,0,0,0
FA2,44,4,1984,Moderate (2030),0.538,0.54,0.538,0.54,0.002,0,0.002,0
FA2,44,5,1984,Rapid (2030),0.513,0.52,0.513,0.52,0.00700000000000001,0,0.00700000000000001,0
FA2,45,1,1985,Year,1985,1985,1985,1985,0,0,0,0
FA2,45,2,1985,Labor Share,0.612718468445947,0.612718468445947,0.612718468445947,0.612718468445947,0,0,0,0
FA2,45,3,1985,Slow (2030),0.55,0.55,0.55,0.55,0,0,0,0
FA2,45,4,1985,Moderate (2030),0.538,0.54,0.538,0.54,0.002,0,0.002,0
FA2,45,5,1985,Rapid (2030),0.513,0.52,0.513,0.52,0.00700000000000001,0,0.00700000000000001,0
FA2,46,1,1986,Year,1986,1986,1986,1986,0,0,0,0
FA2,46,2,1986,Labor Share,0.620470035898923,0.620470035898923,0.620470035898923,0.620470035898923,0,0,0,0
FA2,46,3,1986,Slow (2030),0.55,0.55,0.55,0.55,0,0,0,0
FA2,46,4,1986,Moderate (2030),0.538,0.54,0.538,0.54,0.002,0,0.002,0
FA2,46,5,1986,Rapid (2030),0.513,0.52,0.513,0.52,0.00700000000000001,0,0.00700000000000001,0
FA2,47,1,1987,Year,1987,1987,1987,1987,0,0,0,0
FA2,47,2,1987,Labor Share,0.628612854114377,0.628612854114377,0.628612854114377,0.628612854114377,0,0,0,0
FA2,47,3,1987,Slow (2030),0.55,0.55,0.55,0.55,0,0,0,0
FA2,47,4,1987,Moderate (2030),0.538,0.54,0.538,0.54,0.002,0,0.002,0
FA2,47,5,1987,Rapid (2030),0.513,0.52,0.513,0.52,0.00700000000000001,0,0.00700000000000001,0
FA2,48,1,1988,Year,1988,1988,1988,1988,0,0,0,0
FA2,48,2,1988,Labor Share,0.630908097757067,0.630908097757067,0.630908097757067,0.630908097757067,0,0,0,0
FA2,48,3,1988,Slow (2030),0.55,0.55,0.55,0.55,0,0,0,0
FA2,48,4,1988,Moderate (2030),0.538,0.54,0.538,0.54,0.002,0,0.002,0
FA2,48,5,1988,Rapid (2030),0.513,0.52,0.513,0.52,0.00700000000000001,0,0.00700000000000001,0
FA2,49,1,1989,Year,1989,1989,1989,1989,0,0,0,0
FA2,49,2,1989,Labor Share,0.620794901152965,0.620794901152965,0.620794901152965,0.620794901152965,0,0,0,0
FA2,49,3,1989,Slow (2030),0.55,0.55,0.55,0.55,0,0,0,0
FA2,49,4,1989,Moderate (2030),0.538,0.54,0.538,0.54,0.002,0,0.002,0
FA2,49,5,1989,Rapid (2030),0.513,0.52,0.513,0.52,0.00700000000000001,0,0.00700000000000001,0
FA2,50,1,1990,Year,1990,1990,1990,1990,0,0,0,0
FA2,50,2,1990,Labor Share,0.625567595472136,0.625567595472136,0.625567595472136,0.625567595472136,0,0,0,0
FA2,50,3,1990,Slow (2030),0.55,0.55,0.55,0.55,0,0,0,0
FA2,50,4,1990,Moderate (2030),0.538,0.54,0.538,0.54,0.002,0,0.002,0
FA2,50,5,1990,Rapid (2030),0.513,0.52,0.513,0.52,0.00700000000000001,0,0.00700000000000001,0
FA2,51,1,1991,Year,1991,1991,1991,1991,0,0,0,0
FA2,51,2,1991,Labor Share,0.625273804285871,0.625273804285871,0.625273804285871,0.625273804285871,0,0,0,0
FA2,51,3,1991,Slow (2030),0.55,0.55,0.55,0.55,0,0,0,0
FA2,51,4,1991,Moderate (2030),0.538,0.54,0.538,0.54,0.002,0,0.002,0
FA2,51,5,1991,Rapid (2030),0.513,0.52,0.513,0.52,0.00700000000000001,0,0.00700000000000001,0
FA2,52,1,1992,Year,1992,1992,1992,1992,0,0,0,0
FA2,52,2,1992,Labor Share,0.625246967590972,0.625246967590972,0.625246967590972,0.625246967590972,0,0,0,0
FA2,52,3,1992,Slow (2030),0.55,0.55,0.55,0.55,0,0,0,0
FA2,52,4,1992,Moderate (2030),0.538,0.54,0.538,0.54,0.002,0,0.002,0
FA2,52,5,1992,Rapid (2030),0.513,0.52,0.513,0.52,0.00700000000000001,0,0.00700000000000001,0
FA2,53,1,1993,Year,1993,1993,1993,1993,0,0,0,0
FA2,53,2,1993,Labor Share,0.617721393358199,0.617721393358199,0.617721393358199,0.617721393358199,0,0,0,0
FA2,53,3,1993,Slow (2030),0.55,0.55,0.55,0.55,0,0,0,0
FA2,53,4,1993,Moderate (2030),0.538,0.54,0.538,0.54,0.002,0,0.002,0
FA2,53,5,1993,Rapid (2030),0.513,0.52,0.513,0.52,0.00700000000000001,0,0.00700000000000001,0
FA2,54,1,1994,Year,1994,1994,1994,1994,0,0,0,0
FA2,54,2,1994,Labor Share,0.608232503024909,0.608232503024909,0.608232503024909,0.608232503024909,0,0,0,0
FA2,54,3,1994,Slow (2030),0.55,0.55,0.55,0.55,0,0,0,0
FA2,54,4,1994,Moderate (2030),0.538,0.54,0.538,0.54,0.002,0,0.002,0
FA2,54,5,1994,Rapid (2030),0.513,0.52,0.513,0.52,0.00700000000000001,0,0.00700000000000001,0
FA2,55,1,1995,Year,1995,1995,1995,1995,0,0,0,0
FA2,55,2,1995,Labor Share,0.605877936161915,0.605877936161915,0.605877936161915,0.605877936161915,0,0,0,0
FA2,55,3,1995,Slow (2030),0.55,0.55,0.55,0.55,0,0,0,0
FA2,55,4,1995,Moderate (2030),0.538,0.54,0.538,0.54,0.002,0,0.002,0
FA2,55,5,1995,Rapid (2030),0.513,0.52,0.513,0.52,0.00700000000000001,0,0.00700000000000001,0
FA2,56,1,1996,Year,1996,1996,1996,1996,0,0,0,0
FA2,56,2,1996,Labor Share,0.605537533873984,0.605537533873984,0.605537533873984,0.605537533873984,0,0,0,0
FA2,56,3,1996,Slow (2030),0.55,0.55,0.55,0.55,0,0,0,0
FA2,56,4,1996,Moderate (2030),0.538,0.54,0.538,0.54,0.002,0,0.002,0
FA2,56,5,1996,Rapid (2030),0.513,0.52,0.513,0.52,0.00700000000000001,0,0.00700000000000001,0
FA2,57,1,1997,Year,1997,1997,1997,1997,0,0,0,0
FA2,57,2,1997,Labor Share,0.60662230133096,0.60662230133096,0.60662230133096,0.60662230133096,0,0,0,0
FA2,57,3,1997,Slow (2030),0.55,0.55,0.55,0.55,0,0,0,0
FA2,57,4,1997,Moderate (2030),0.538,0.54,0.538,0.54,0.002,0,0.002,0
FA2,57,5,1997,Rapid (2030),0.513,0.52,0.513,0.52,0.00700000000000001,0,0.00700000000000001,0
FA2,58,1,1998,Year,1998,1998,1998,1998,0,0,0,0
FA2,58,2,1998,Labor Share,0.618667739967801,0.618667739967801,0.618667739967801,0.618667739967801,0,0,0,0
FA2,58,3,1998,Slow (2030),0.55,0.55,0.55,0.55,0,0,0,0
FA2,58,4,1998,Moderate (2030),0.538,0.54,0.538,0.54,0.002,0,0.002,0
FA2,58,5,1998,Rapid (2030),0.513,0.52,0.513,0.52,0.00700000000000001,0,0.00700000000000001,0
FA2,59,1,1999,Year,1999,1999,1999,1999,0,0,0,0
FA2,59,2,1999,Labor Share,0.618669152425427,0.618669152425427,0.618669152425427,0.618669152425427,0,0,0,0
FA2,59,3,1999,Slow (2030),0.55,0.55,0.55,0.55,0,0,0,0
FA2,59,4,1999,Moderate (2030),0.538,0.54,0.538,0.54,0.002,0,0.002,0
FA2,59,5,1999,Rapid (2030),0.513,0.52,0.513,0.52,0.00700000000000001,0,0.00700000000000001,0
FA2,60,1,2000,Year,2000,2000,2000,2000,0,0,0,0
FA2,60,2,2000,Labor Share,0.630625606231813,0.630625606231813,0.630625606231813,0.630625606231813,0,0,0,0
FA2,60,3,2000,Slow (2030),0.55,0.55,0.55,0.55,0,0,0,0
FA2,60,4,2000,Moderate (2030),0.538,0.54,0.538,0.54,0.002,0,0.002,0
FA2,60,5,2000,Rapid (2030),0.513,0.52,0.513,0.52,0.00700000000000001,0,0.00700000000000001,0
FA2,61,1,2001,Year,2001,2001,2001,2001,0,0,0,0
FA2,61,2,2001,Labor Share,0.631213188604342,0.631213188604342,0.631213188604342,0.631213188604342,0,0,0,0
FA2,61,3,2001,Slow (2030),0.55,0.55,0.55,0.55,0,0,0,0
FA2,61,4,2001,Moderate (2030),0.538,0.54,0.538,0.54,0.002,0,0.002,0
FA2,61,5,2001,Rapid (2030),0.513,0.52,0.513,0.52,0.00700000000000001,0,0.00700000000000001,0
FA2,62,1,2002,Year,2002,2002,2002,2002,0,0,0,0
FA2,62,2,2002,Labor Share,0.614056065818025,0.614056065818025,0.614056065818025,0.614056065818025,0,0,0,0
FA2,62,3,2002,Slow (2030),0.55,0.55,0.55,0.55,0,0,0,0
FA2,62,4,2002,Moderate (2030),0.538,0.54,0.538,0.54,0.002,0,0.002,0
FA2,62,5,2002,Rapid (2030),0.513,0.52,0.513,0.52,0.00700000000000001,0,0.00700000000000001,0
FA2,63,1,2003,Year,2003,2003,2003,2003,0,0,0,0
FA2,63,2,2003,Labor Share,0.605999407517774,0.605999407517774,0.605999407517774,0.605999407517774,0,0,0,0
FA2,63,3,2003,Slow (2030),0.55,0.55,0.55,0.55,0,0,0,0
FA2,63,4,2003,Moderate (2030),0.538,0.54,0.538,0.54,0.002,0,0.002,0
FA2,63,5,2003,Rapid (2030),0.513,0.52,0.513,0.52,0.00700000000000001,0,0.00700000000000001,0
FA2,64,1,2004,Year,2004,2004,2004,2004,0,0,0,0
FA2,64,2,2004,Labor Share,0.601185751927442,0.601185751927442,0.601185751927442,0.601185751927442,0,0,0,0
FA2,64,3,2004,Slow (2030),0.55,0.55,0.55,0.55,0,0,0,0
FA2,64,4,2004,Moderate (2030),0.538,0.54,0.538,0.54,0.002,0,0.002,0
FA2,64,5,2004,Rapid (2030),0.513,0.52,0.513,0.52,0.00700000000000001,0,0.00700000000000001,0
FA2,65,1,2005,Year,2005,2005,2005,2005,0,0,0,0
FA2,65,2,2005,Labor Share,0.589972250832475,0.589972250832475,0.589972250832475,0.589972250832475,0,0,0,0
FA2,65,3,2005,Slow (2030),0.55,0.55,0.55,0.55,0,0,0,0
FA2,65,4,2005,Moderate (2030),0.538,0.54,0.538,0.54,0.002,0,0.002,0
FA2,65,5,2005,Rapid (2030),0.513,0.52,0.513,0.52,0.00700000000000001,0,0.00700000000000001,0
FA2,66,1,2006,Year,2006,2006,2006,2006,0,0,0,0
FA2,66,2,2006,Labor Share,0.589434104476866,0.589434104476866,0.589434104476866,0.589434104476866,0,0,0,0
FA2,66,3,2006,Slow (2030),0.55,0.55,0.55,0.55,0,0,0,0
FA2,66,4,2006,Moderate (2030),0.538,0.54,0.538,0.54,0.002,0,0.002,0
FA2,66,5,2006,Rapid (2030),0.513,0.52,0.513,0.52,0.00700000000000001,0,0.00700000000000001,0
FA2,67,1,2007,Year,2007,2007,2007,2007,0,0,0,0
FA2,67,2,2007,Labor Share,0.592462413627591,0.592462413627591,0.592462413627591,0.592462413627591,0,0,0,0
FA2,67,3,2007,Slow (2030),0.55,0.55,0.55,0.55,0,0,0,0
FA2,67,4,2007,Moderate (2030),0.538,0.54,0.538,0.54,0.002,0,0.002,0
FA2,67,5,2007,Rapid (2030),0.513,0.52,0.513,0.52,0.00700000000000001,0,0.00700000000000001,0
FA2,68,1,2008,Year,2008,2008,2008,2008,0,0,0,0
FA2,68,2,2008,Labor Share,0.593840972270832,0.593840972270832,0.593840972270832,0.593840972270832,0,0,0,0
FA2,68,3,2008,Slow (2030),0.55,0.55,0.55,0.55,0,0,0,0
FA2,68,4,2008,Moderate (2030),0.538,0.54,0.538,0.54,0.002,0,0.002,0
FA2,68,5,2008,Rapid (2030),0.513,0.52,0.513,0.52,0.00700000000000001,0,0.00700000000000001,0
FA2,69,1,2009,Year,2009,2009,2009,2009,0,0,0,0
FA2,69,2,2009,Labor Share,0.576309548213554,0.576309548213554,0.576309548213554,0.576309548213554,0,0,0,0
FA2,69,3,2009,Slow (2030),0.55,0.55,0.55,0.55,0,0,0,0
FA2,69,4,2009,Moderate (2030),0.538,0.54,0.538,0.54,0.002,0,0.002,0
FA2,69,5,2009,Rapid (2030),0.513,0.52,0.513,0.52,0.00700000000000001,0,0.00700000000000001,0
FA2,70,1,2010,Year,2010,2010,2010,2010,0,0,0,0
FA2,70,2,2010,Labor Share,0.56215531034069,0.56215531034069,0.56215531034069,0.56215531034069,0,0,0,0
FA2,70,3,2010,Slow (2030),0.55,0.55,0.55,0.55,0,0,0,0
FA2,70,4,2010,Moderate (2030),0.538,0.54,0.538,0.54,0.002,0,0.002,0
FA2,70,5,2010,Rapid (2030),0.513,0.52,0.513,0.52,0.00700000000000001,0,0.00700000000000001,0
FA2,71,1,2011,Year,2011,2011,2011,2011,0,0,0,0
FA2,71,2,2011,Labor Share,0.563409572712819,0.563409572712819,0.563409572712819,0.563409572712819,0,0,0,0
FA2,71,3,2011,Slow (2030),0.55,0.55,0.55,0.55,0,0,0,0
FA2,71,4,2011,Moderate (2030),0.538,0.54,0.538,0.54,0.002,0,0.002,0
FA2,71,5,2011,Rapid (2030),0.513,0.52,0.513,0.52,0.00700000000000001,0,0.00700000000000001,0
FA2,72,1,2012,Year,2012,2012,2012,2012,0,0,0,0
FA2,72,2,2012,Labor Share,0.561902480425587,0.561902480425587,0.561902480425587,0.561902480425587,0,0,0,0
FA2,72,3,2012,Slow (2030),0.55,0.55,0.55,0.55,0,0,0,0
FA2,72,4,2012,Moderate (2030),0.538,0.54,0.538,0.54,0.002,0,0.002,0
FA2,72,5,2012,Rapid (2030),0.513,0.52,0.513,0.52,0.00700000000000001,0,0.00700000000000001,0
FA2,73,1,2013,Year,2013,2013,2013,2013,0,0,0,0
FA2,73,2,2013,Labor Share,0.557290806275812,0.557290806275812,0.557290806275812,0.557290806275812,0,0,0,0
FA2,73,3,2013,Slow (2030),0.55,0.55,0.55,0.55,0,0,0,0
FA2,73,4,2013,Moderate (2030),0.538,0.54,0.538,0.54,0.002,0,0.002,0
FA2,73,5,2013,Rapid (2030),0.513,0.52,0.513,0.52,0.00700000000000001,0,0.00700000000000001,0
FA2,74,1,2014,Year,2014,2014,2014,2014,0,0,0,0
FA2,74,2,2014,Labor Share,0.55778375398738,0.55778375398738,0.55778375398738,0.55778375398738,0,0,0,0
FA2,74,3,2014,Slow (2030),0.55,0.55,0.55,0.55,0,0,0,0
FA2,74,4,2014,Moderate (2030),0.538,0.54,0.538,0.54,0.002,0,0.002,0
FA2,74,5,2014,Rapid (2030),0.513,0.52,0.513,0.52,0.00700000000000001,0,0.00700000000000001,0
FA2,75,1,2015,Year,2015,2015,2015,2015,0,0,0,0
FA2,75,2,2015,Labor Share,0.563685001949942,0.563685001949942,0.563685001949942,0.563685001949942,0,0,0,0
FA2,75,3,2015,Slow (2030),0.55,0.55,0.55,0.55,0,0,0,0
FA2,75,4,2015,Moderate (2030),0.538,0.54,0.538,0.54,0.002,0,0.002,0
FA2,75,5,2015,Rapid (2030),0.513,0.52,0.513,0.52,0.00700000000000001,0,0.00700000000000001,0
FA2,76,1,2016,Year,2016,2016,2016,2016,0,0,0,0
FA2,76,2,2016,Labor Share,0.56208327500175,0.56208327500175,0.56208327500175,0.56208327500175,0,0,0,0
FA2,76,3,2016,Slow (2030),0.55,0.55,0.55,0.55,0,0,0,0
FA2,76,4,2016,Moderate (2030),0.538,0.54,0.538,0.54,0.002,0,0.002,0
FA2,76,5,2016,Rapid (2030),0.513,0.52,0.513,0.52,0.00700000000000001,0,0.00700000000000001,0
FA2,77,1,2017,Year,2017,2017,2017,2017,0,0,0,0
FA2,77,2,2017,Labor Share,0.565,0.565,0.565,0.565,0,0,0,0
FA2,77,3,2017,Slow (2030),0.55,0.55,0.55,0.55,0,0,0,0
FA2,77,4,2017,Moderate (2030),0.538,0.54,0.538,0.54,0.002,0,0.002,0
FA2,77,5,2017,Rapid (2030),0.513,0.52,0.513,0.52,0.00700000000000001,0,0.00700000000000001,0
FA2,78,1,2018,Year,2018,2018,2018,2018,0,0,0,0
FA2,78,2,2018,Labor Share,0.564057890763277,0.564057890763277,0.564057890763277,0.564057890763277,0,0,0,0
FA2,78,3,2018,Slow (2030),0.55,0.55,0.55,0.55,0,0,0,0
FA2,78,4,2018,Moderate (2030),0.538,0.54,0.538,0.54,0.002,0,0.002,0
FA2,78,5,2018,Rapid (2030),0.513,0.52,0.513,0.52,0.00700000000000001,0,0.00700000000000001,0
FA2,79,1,2019,Year,2019,2019,2019,2019,0,0,0,0
FA2,79,2,2019,Labor Share,0.565024011779647,0.565024011779647,0.565024011779647,0.565024011779647,0,0,0,0
FA2,79,3,2019,Slow (2030),0.55,0.55,0.55,0.55,0,0,0,0
FA2,79,4,2019,Moderate (2030),0.538,0.54,0.538,0.54,0.002,0,0.002,0
FA2,79,5,2019,Rapid (2030),0.513,0.52,0.513,0.52,0.00700000000000001,0,0.00700000000000001,0
FA2,80,1,2020,Year,2020,2020,2020,2020,0,0,0,0
FA2,80,2,2020,Labor Share,0.57791692499225,0.57791692499225,0.57791692499225,0.57791692499225,0,0,0,0
FA2,80,3,2020,Slow (2030),0.55,0.55,0.55,0.55,0,0,0,0
FA2,80,4,2020,Moderate (2030),0.538,0.54,0.538,0.54,0.002,0,0.002,0
FA2,80,5,2020,Rapid (2030),0.513,0.52,0.513,0.52,0.00700000000000001,0,0.00700000000000001,0
FA2,81,1,2021,Year,2021,2021,2021,2021,0,0,0,0
FA2,81,2,2021,Labor Share,0.566874331270062,0.566874331270062,0.566874331270062,0.566874331270062,0,0,0,0
FA2,81,3,2021,Slow (2030),0.55,0.55,0.55,0.55,0,0,0,0
FA2,81,4,2021,Moderate (2030),0.538,0.54,0.538,0.54,0.002,0,0.002,0
FA2,81,5,2021,Rapid (2030),0.513,0.52,0.513,0.52,0.00700000000000001,0,0.00700000000000001,0
FA2,82,1,2022,Year,2022,2022,2022,2022,0,0,0,0
FA2,82,2,2022,Labor Share,0.55323846534604,0.55323846534604,0.55323846534604,0.55323846534604,0,0,0,0
FA2,82,3,2022,Slow (2030),0.55,0.55,0.55,0.55,0,0,0,0
FA2,82,4,2022,Moderate (2030),0.538,0.54,0.538,0.54,0.002,0,0.002,0
FA2,82,5,2022,Rapid (2030),0.513,0.52,0.513,0.52,0.00700000000000001,0,0.00700000000000001,0
FA2,83,1,2023,Year,2023,2023,2023,2023,0,0,0,0
FA2,83,2,2023,Labor Share,0.544839992300231,0.544839992300231,0.544839992300231,0.544839992300231,0,0,0,0
FA2,83,3,2023,Slow (2030),0.55,0.55,0.55,0.55,0,0,0,0
FA2,83,4,2023,Moderate (2030),0.538,0.54,0.538,0.54,0.002,0,0.002,0
FA2,83,5,2023,Rapid (2030),0.513,0.52,0.513,0.52,0.00700000000000001,0,0.00700000000000001,0
FA2,84,1,2024,Year,2024,2024,2024,2024,0,0,0,0
FA2,84,2,2024,Labor Share,0.546735510434687,0.546735510434687,0.546735510434687,0.546735510434687,0,0,0,0
FA2,84,3,2024,Slow (2030),0.55,0.55,0.55,0.55,0,0,0,0
FA2,84,4,2024,Moderate (2030),0.538,0.54,0.538,0.54,0.002,0,0.002,0
FA2,84,5,2024,Rapid (2030),0.513,0.52,0.513,0.52,0.00700000000000001,0,0.00700000000000001,0
FA2,85,1,2025,Year,2025,2025,2025,2025,0,0,0,0
FA2,85,2,2025,Labor Share,0.545660630181095,0.545660630181095,0.545660630181095,0.545660630181095,0,0,0,0
FA2,85,3,2025,Slow (2030),0.55,0.55,0.55,0.55,0,0,0,0
FA2,85,4,2025,Moderate (2030),0.538,0.54,0.538,0.54,0.002,0,0.002,0
FA2,85,5,2025,Rapid (2030),0.513,0.52,0.513,0.52,0.00700000000000001,0,0.00700000000000001,0
FA2,86,1,2026,Year,2026,2026,2026,2026,0,0,0,0
FA2,86,2,2026,Labor Share,0.53190046798596,0.53190046798596,0.53190046798596,0.53190046798596,0,0,0,0
FA2,86,3,2026,Slow (2030),0.55,0.55,0.55,0.55,0,0,0,0
FA2,86,4,2026,Moderate (2030),0.538,0.54,0.538,0.54,0.002,0,0.002,0
FA2,86,5,2026,Rapid (2030),0.513,0.52,0.513,0.52,0.00700000000000001,0,0.00700000000000001,0
FA3,7,2,Moderate AI · Reallocated shares · Proportional labor,macro_cit_delta,36.658756959679,34.3958056308491,35.9997453057193,33.7774748788545,-2.26295132882991,-0.659011653959702,-2.88128208082451,0.0406809019651035
FA3,7,3,Moderate AI · Reallocated shares · Proportional labor,outlays_tax_credits,-0.623338031290842,-1.07849179806213,-0.623338031290842,-1.07849179806213,-0.455153766771288,0,-0.455153766771288,0
FA3,7,4,Moderate AI · Reallocated shares · Proportional labor,revenues_corp_tax,0,0,0,0,0,0,0,0
FA3,7,5,Moderate AI · Reallocated shares · Proportional labor,revenues_estate_tax,0,0,0,0,0,0,0,0
FA3,7,6,Moderate AI · Reallocated shares · Proportional labor,revenues_income_tax,62.9615182243424,69.0530073180144,62.9615182243424,69.0530073180144,6.091489093672,0,6.091489093672,0
FA3,7,7,Moderate AI · Reallocated shares · Proportional labor,revenues_other,0,0,0,0,0,0,0,0
FA3,7,8,Moderate AI · Reallocated shares · Proportional labor,revenues_payroll_tax,4.91016033234359,9.3556340249479,4.91016033234359,9.3556340249479,4.44547369260431,0,4.44547369260431,0
FA3,7,9,Moderate AI · Reallocated shares · Proportional labor,revenues_vat,0,0,0,0,0,0,0,0
FA3,7,10,Moderate AI · Reallocated shares · Proportional labor,total,68.4950165879764,79.4871331410241,68.4950165879764,79.4871331410241,10.9921165530477,0,10.9921165530477,0
FA3,7,11,Moderate AI · Reallocated shares · Proportional labor,total_capital,52.7340772104844,49.4313684315475,52.7340772104844,49.4313684315475,-3.3027087789369,0,-3.3027087789369,0
FA3,7,12,Moderate AI · Reallocated shares · Proportional labor,total_interaction,0.0257895279983131,0.0480621953411173,0.0257895279983131,0.0480621953411173,0.0222726673428042,0,0.0222726673428042,0
FA3,7,13,Moderate AI · Reallocated shares · Proportional labor,total_labor,15.7351498494936,30.0077025141354,15.7351498494936,30.0077025141354,14.2725526646418,0,14.2725526646418,0
FA3,7,14,Moderate AI · Reallocated shares · Proportional labor,total_with_macro_cit,105.153773547655,113.882938771873,104.494761893696,113.264608019879,8.72916522421799,-0.659011653959013,8.110834472224,0.0406809019650183
FA3,7,15,Moderate AI · Reallocated shares · Proportional labor,delta_Y,362.908528570293,403.085723180422,362.908528570293,403.085723180422,40.177194610129,0,40.177194610129,0
FA3,8,2,Moderate AI · Reallocated shares · Compressive labor,macro_cit_delta,36.658756959679,34.3958056308491,35.9997453057193,33.7774748788545,-2.26295132882991,-0.659011653959702,-2.88128208082451,0.0406809019651035
FA3,8,3,Moderate AI · Reallocated shares · Compressive labor,outlays_tax_credits,-7.27892294503704,-7.74837234431591,-7.27892294503704,-7.74837234431591,-0.46944939927887,0,-0.46944939927887,0
FA3,8,4,Moderate AI · Reallocated shares · Compressive labor,revenues_corp_tax,0,0,0,0,0,0,0,0
FA3,8,5,Moderate AI · Reallocated shares · Compressive labor,revenues_estate_tax,0,0,0,0,0,0,0,0
FA3,8,6,Moderate AI · Reallocated shares · Compressive labor,revenues_income_tax,11.121816981813,17.064085764795,11.121816981813,17.064085764795,5.942268782982,0,5.942268782982,0
FA3,8,7,Moderate AI · Reallocated shares · Compressive labor,revenues_other,0,0,0,0,0,0,0,0
FA3,8,8,Moderate AI · Reallocated shares · Compressive labor,revenues_payroll_tax,29.7880763576211,34.3343914073391,29.7880763576211,34.3343914073391,4.546315049718,0,4.546315049718,0
FA3,8,9,Moderate AI · Reallocated shares · Compressive labor,revenues_vat,0,0,0,0,0,0,0,0
FA3,8,10,Moderate AI · Reallocated shares · Compressive labor,total,48.1888162844707,59.146849516449,48.1888162844707,59.146849516449,10.9580332319783,0,10.9580332319783,0
FA3,8,11,Moderate AI · Reallocated shares · Compressive labor,total_capital,52.7340772104844,49.4313684315475,52.7340772104844,49.4313684315475,-3.3027087789369,0,-3.3027087789369,0
FA3,8,12,Moderate AI · Reallocated shares · Compressive labor,total_interaction,-0.0185880125118274,0.0038104265659058,-0.0185880125118274,0.0038104265659058,0.0223984390777332,0,0.0223984390777332,0
FA3,8,13,Moderate AI · Reallocated shares · Compressive labor,total_labor,-4.5266729135019,9.71167065833561,-4.5266729135019,9.71167065833561,14.2383435718375,0,14.2383435718375,0
FA3,8,14,Moderate AI · Reallocated shares · Compressive labor,total_with_macro_cit,84.8475732441497,93.5426551472981,84.18856159019,92.9243243953035,8.69508190314841,-0.659011653959695,8.0767511511538,0.0406809019650893
FA3,8,15,Moderate AI · Reallocated shares · Compressive labor,delta_Y,356.367497335003,396.519941774583,356.367497335003,396.519941774583,40.15244443958,0,40.15244443958,0
FA3,9,2,Moderate AI · Reallocated shares · Expansive labor,macro_cit_delta,36.658756959679,34.3958056308491,35.9997453057193,33.7774748788545,-2.26295132882991,-0.659011653959702,-2.88128208082451,0.0406809019651035
FA3,9,3,Moderate AI · Reallocated shares · Expansive labor,outlays_tax_credits,5.89093868649896,5.45111444954932,5.89093868649896,5.45111444954932,-0.43982423694964,0,-0.43982423694964,0
FA3,9,4,Moderate AI · Reallocated shares · Expansive labor,revenues_corp_tax,0,0,0,0,0,0,0,0
FA3,9,5,Moderate AI · Reallocated shares · Expansive labor,revenues_estate_tax,0,0,0,0,0,0,0,0
FA3,9,6,Moderate AI · Reallocated shares · Expansive labor,revenues_income_tax,117.235044082048,123.483438790769,117.235044082048,123.483438790769,6.24839470872099,0,6.24839470872099,0
FA3,9,7,Moderate AI · Reallocated shares · Expansive labor,revenues_other,0,0,0,0,0,0,0,0
FA3,9,8,Moderate AI · Reallocated shares · Expansive labor,revenues_payroll_tax,-21.0083519114044,-16.6618761854836,-21.0083519114044,-16.6618761854836,4.3464757259208,0,4.3464757259208,0
FA3,9,9,Moderate AI · Reallocated shares · Expansive labor,revenues_vat,0,0,0,0,0,0,0,0
FA3,9,10,Moderate AI · Reallocated shares · Expansive labor,total,90.3357534841434,101.370448155736,90.3357534841434,101.370448155736,11.0346946715926,0,11.0346946715926,0
FA3,9,11,Moderate AI · Reallocated shares · Expansive labor,total_capital,52.7340772104844,49.4313684315475,52.7340772104844,49.4313684315475,-3.3027087789369,0,-3.3027087789369,0
FA3,9,12,Moderate AI · Reallocated shares · Expansive labor,total_interaction,0.091387280644085,0.113857235893192,0.091387280644085,0.113857235893192,0.022469955249107,0,0.022469955249107,0
FA3,9,13,Moderate AI · Reallocated shares · Expansive labor,total_labor,37.5102889930149,51.8252224882954,37.5102889930149,51.8252224882954,14.3149334952805,0,14.3149334952805,0
FA3,9,14,Moderate AI · Reallocated shares · Expansive labor,total_with_macro_cit,126.994510443822,135.766253786585,126.335498789863,135.147923034591,8.771743342763,-0.659011653958999,8.15341259076901,0.0406809019650041
FA3,9,15,Moderate AI · Reallocated shares · Expansive labor,delta_Y,368.753060256702,408.951288056593,368.753060256702,408.951288056593,40.198227799891,0,40.198227799891,0
FA3,10,2,Rapid AI · Reallocated shares · Proportional labor,macro_cit_delta,84.0011710987443,75.8069427667295,82.4910885075308,74.4441671879153,-8.19422833201479,-1.51008259121349,-9.557003910829,0.147307012399281
FA3,10,3,Rapid AI · Reallocated shares · Proportional labor,outlays_tax_credits,0.927909072832591,-0.737832220917753,0.927909072832591,-0.737832220917753,-1.66574129375034,0,-1.66574129375034,0
FA3,10,4,Rapid AI · Reallocated shares · Proportional labor,revenues_corp_tax,0,0,0,0,0,0,0,0
FA3,10,5,Rapid AI · Reallocated shares · Proportional labor,revenues_estate_tax,0,0,0,0,0,0,0,0
FA3,10,6,Rapid AI · Reallocated shares · Proportional labor,revenues_income_tax,98.9616612919495,120.740916836021,98.9616612919495,120.740916836021,21.7792555440715,0,21.7792555440715,0
FA3,10,7,Rapid AI · Reallocated shares · Proportional labor,revenues_other,0,0,0,0,0,0,0,0
FA3,10,8,Rapid AI · Reallocated shares · Proportional labor,revenues_payroll_tax,-11.2886702738613,4.87123295222636,-11.2886702738613,4.87123295222636,16.1599032260877,0,16.1599032260877,0
FA3,10,9,Rapid AI · Reallocated shares · Proportional labor,revenues_vat,0,0,0,0,0,0,0,0
FA3,10,10,Rapid AI · Reallocated shares · Proportional labor,total,86.7450819452543,126.349982009165,86.7450819452543,126.349982009165,39.6049000639107,0,39.6049000639107,0
FA3,10,11,Rapid AI · Reallocated shares · Proportional labor,total_capital,122.932200326053,110.676210036276,122.932200326053,110.676210036276,-12.255990289777,0,-12.255990289777,0
FA3,10,12,Rapid AI · Reallocated shares · Proportional labor,total_interaction,-0.155147368337566,0.063487409624031,-0.155147368337566,0.063487409624031,0.218634777961597,0,0.218634777961597,0
FA3,10,13,Rapid AI · Reallocated shares · Proportional labor,total_labor,-36.0319710124613,15.6102845632649,-36.0319710124613,15.6102845632649,51.6422555757262,0,51.6422555757262,0
FA3,10,14,Rapid AI · Reallocated shares · Proportional labor,total_with_macro_cit,170.746253043999,202.156924775895,169.236170452785,200.79414919708,31.410671731896,-1.510082591214,30.047896153081,0.147307012399011
FA3,10,15,Rapid AI · Reallocated shares · Proportional labor,delta_Y,535.921491163816,681.365966532718,535.921491163816,681.365966532718,145.444475368902,0,145.444475368902,0
FA3,11,2,Rapid AI · Reallocated shares · Compressive labor,macro_cit_delta,84.0011710987443,75.8069427667295,82.4910885075308,74.4441671879153,-8.19422833201479,-1.51008259121349,-9.557003910829,0.147307012399281
FA3,11,3,Rapid AI · Reallocated shares · Compressive labor,outlays_tax_credits,-12.4006731010548,-14.1468765597672,-12.4006731010548,-14.1468765597672,-1.7462034587124,0,-1.7462034587124,0
FA3,11,4,Rapid AI · Reallocated shares · Compressive labor,revenues_corp_tax,0,0,0,0,0,0,0,0
FA3,11,5,Rapid AI · Reallocated shares · Compressive labor,revenues_estate_tax,0,0,0,0,0,0,0,0
FA3,11,6,Rapid AI · Reallocated shares · Compressive labor,revenues_income_tax,-1.37895589235222,19.3167426642071,-1.37895589235222,19.3167426642071,20.6956985565593,0,20.6956985565593,0
FA3,11,7,Rapid AI · Reallocated shares · Compressive labor,revenues_other,0,0,0,0,0,0,0,0
FA3,11,8,Rapid AI · Reallocated shares · Compressive labor,revenues_payroll_tax,36.6809936673592,53.5658418148544,36.6809936673592,53.5658418148544,16.8848481474952,0,16.8848481474952,0
FA3,11,9,Rapid AI · Reallocated shares · Compressive labor,revenues_vat,0,0,0,0,0,0,0,0
FA3,11,10,Rapid AI · Reallocated shares · Compressive labor,total,47.7027108760613,87.0294610388273,47.7027108760613,87.0294610388273,39.326750162766,0,39.326750162766,0
FA3,11,11,Rapid AI · Reallocated shares · Compressive labor,total_capital,122.932200326053,110.676210036276,122.932200326053,110.676210036276,-12.255990289777,0,-12.255990289777,0
FA3,11,12,Rapid AI · Reallocated shares · Compressive labor,total_interaction,-0.504212762140014,-0.261336248324369,-0.504212762140014,-0.261336248324369,0.242876513815645,0,0.242876513815645,0
FA3,11,13,Rapid AI · Reallocated shares · Compressive labor,total_labor,-74.7252766878519,-23.385412749124,-74.7252766878519,-23.385412749124,51.3398639387279,0,51.3398639387279,0
FA3,11,14,Rapid AI · Reallocated shares · Compressive labor,total_with_macro_cit,131.703881974806,162.836403805557,130.193799383592,161.473628226743,31.132521830751,-1.510082591214,29.769746251937,0.147307012399978
FA3,11,15,Rapid AI · Reallocated shares · Compressive labor,delta_Y,522.1905576709,667.452005752053,522.1905576709,667.452005752053,145.261448081153,0,145.261448081153,0
FA3,12,2,Rapid AI · Reallocated shares · Expansive labor,macro_cit_delta,84.0011710987443,75.8069427667295,82.4910885075308,74.4441671879153,-8.19422833201479,-1.51008259121349,-9.557003910829,0.147307012399281
FA3,12,3,Rapid AI · Reallocated shares · Expansive labor,outlays_tax_credits,13.5011753989266,11.9970284572449,13.5011753989266,11.9970284572449,-1.5041469416817,0,-1.5041469416817,0
FA3,12,4,Rapid AI · Reallocated shares · Expansive labor,revenues_corp_tax,0,0,0,0,0,0,0,0
FA3,12,5,Rapid AI · Reallocated shares · Expansive labor,revenues_estate_tax,0,0,0,0,0,0,0,0
FA3,12,6,Rapid AI · Reallocated shares · Expansive labor,revenues_income_tax,208.968910957338,231.870770165091,208.968910957338,231.870770165091,22.901859207753,0,22.901859207753,0
FA3,12,7,Rapid AI · Reallocated shares · Expansive labor,revenues_other,0,0,0,0,0,0,0,0
FA3,12,8,Rapid AI · Reallocated shares · Expansive labor,revenues_payroll_tax,-63.4242465884479,-47.985752299868,-63.4242465884479,-47.985752299868,15.4384942885799,0,15.4384942885799,0
FA3,12,9,Rapid AI · Reallocated shares · Expansive labor,revenues_vat,0,0,0,0,0,0,0,0
FA3,12,10,Rapid AI · Reallocated shares · Expansive labor,total,132.043488969963,171.887989407977,132.043488969963,171.887989407977,39.844500438014,0,39.844500438014,0
FA3,12,11,Rapid AI · Reallocated shares · Expansive labor,total_capital,122.932200326053,110.676210036276,122.932200326053,110.676210036276,-12.255990289777,0,-12.255990289777,0
FA3,12,12,Rapid AI · Reallocated shares · Expansive labor,total_interaction,0.0815239017138083,0.288739502173485,0.0815239017138083,0.288739502173485,0.207215600459677,0,0.207215600459677,0
FA3,12,13,Rapid AI · Reallocated shares · Expansive labor,total_labor,9.02976474219577,60.9230398695281,9.02976474219577,60.9230398695281,51.8932751273323,0,51.8932751273323,0
FA3,12,14,Rapid AI · Reallocated shares · Expansive labor,total_with_macro_cit,216.044660068707,247.694932174707,214.534577477494,246.332156595892,31.650272106,-1.51008259121301,30.287496527185,0.147307012398016
FA3,12,15,Rapid AI · Reallocated shares · Expansive labor,delta_Y,546.8013758505,692.402195271912,546.8013758505,692.402195271912,145.600819421412,0,145.600819421412,0
FA3,13,2,Slow AI · Reallocated shares · Proportional labor,macro_cit_delta,8.36632274246801,8.36632274246801,8.21592200208995,8.21592200208995,0,-0.150400740378061,-0.150400740378061,0
FA3,13,3,Slow AI · Reallocated shares · Proportional labor,outlays_tax_credits,0.368722591245188,0.368722591245188,0.368722591245188,0.368722591245188,0,0,0,0
FA3,13,4,Slow AI · Reallocated shares · Proportional labor,revenues_corp_tax,0,0,0,0,0,0,0,0
FA3,13,5,Slow AI · Reallocated shares · Proportional labor,revenues_estate_tax,0,0,0,0,0,0,0,0
FA3,13,6,Slow AI · Reallocated shares · Proportional labor,revenues_income_tax,3.93546001088544,3.93546001088544,3.93546001088544,3.93546001088544,0,0,0,0
FA3,13,7,Slow AI · Reallocated shares · Proportional labor,revenues_other,0,0,0,0,0,0,0,0
FA3,13,8,Slow AI · Reallocated shares · Proportional labor,revenues_payroll_tax,-3.7673125102699,-3.7673125102699,-3.7673125102699,-3.7673125102699,0,0,0,0
FA3,13,9,Slow AI · Reallocated shares · Proportional labor,revenues_vat,0,0,0,0,0,0,0,0
FA3,13,10,Slow AI · Reallocated shares · Proportional labor,total,-0.200575090630082,-0.200575090630082,-0.200575090630082,-0.200575090630082,0,0,0,0
FA3,13,11,Slow AI · Reallocated shares · Proportional labor,total_capital,11.8507249604036,11.8507249604036,11.8507249604036,11.8507249604036,0,0,0,0
FA3,13,12,Slow AI · Reallocated shares · Proportional labor,total_interaction,-0.00379998303287721,-0.00379998303287721,-0.00379998303287721,-0.00379998303287721,0,0,0,0
FA3,13,13,Slow AI · Reallocated shares · Proportional labor,total_labor,-12.0475000680008,-12.0475000680008,-12.0475000680008,-12.0475000680008,0,0,0,0
FA3,13,14,Slow AI · Reallocated shares · Proportional labor,total_with_macro_cit,8.16574765183793,8.16574765183793,8.01534691145987,8.01534691145987,0,-0.150400740378061,-0.150400740378061,0
FA3,13,15,Slow AI · Reallocated shares · Proportional labor,delta_Y,18.4844202005042,18.4844202005042,18.4844202005042,18.4844202005042,0,0,0,0
FA3,14,2,Slow AI · Reallocated shares · Compressive labor,macro_cit_delta,8.36632274246801,8.36632274246801,8.21592200208995,8.21592200208995,0,-0.150400740378061,-0.150400740378061,0
FA3,14,3,Slow AI · Reallocated shares · Compressive labor,outlays_tax_credits,-0.717580226326447,-0.717580226326447,-0.717580226326447,-0.717580226326447,0,0,0,0
FA3,14,4,Slow AI · Reallocated shares · Compressive labor,revenues_corp_tax,0,0,0,0,0,0,0,0
FA3,14,5,Slow AI · Reallocated shares · Compressive labor,revenues_estate_tax,0,0,0,0,0,0,0,0
FA3,14,6,Slow AI · Reallocated shares · Compressive labor,revenues_income_tax,-4.72220153060562,-4.72220153060562,-4.72220153060562,-4.72220153060562,0,0,0,0
FA3,14,7,Slow AI · Reallocated shares · Compressive labor,revenues_other,0,0,0,0,0,0,0,0
FA3,14,8,Slow AI · Reallocated shares · Compressive labor,revenues_payroll_tax,0.372827705542704,0.372827705542704,0.372827705542704,0.372827705542704,0,0,0,0
FA3,14,9,Slow AI · Reallocated shares · Compressive labor,revenues_vat,0,0,0,0,0,0,0,0
FA3,14,10,Slow AI · Reallocated shares · Compressive labor,total,-3.6317935987372,-3.6317935987372,-3.6317935987372,-3.6317935987372,0,0,0,0
FA3,14,11,Slow AI · Reallocated shares · Compressive labor,total_capital,11.8507249604036,11.8507249604036,11.8507249604036,11.8507249604036,0,0,0,0
FA3,14,12,Slow AI · Reallocated shares · Compressive labor,total_interaction,-0.0026685186467148,-0.0026685186467148,-0.0026685186467148,-0.0026685186467148,0,0,0,0
FA3,14,13,Slow AI · Reallocated shares · Compressive labor,total_labor,-15.4798500404941,-15.4798500404941,-15.4798500404941,-15.4798500404941,0,0,0,0
FA3,14,14,Slow AI · Reallocated shares · Compressive labor,total_with_macro_cit,4.73452914373081,4.73452914373081,4.58412840335275,4.58412840335275,0,-0.15040074037806,-0.15040074037806,0
FA3,14,15,Slow AI · Reallocated shares · Compressive labor,delta_Y,17.460016963887,17.460016963887,17.460016963887,17.460016963887,0,0,0,0
FA3,15,2,Slow AI · Reallocated shares · Expansive labor,macro_cit_delta,8.36632274246801,8.36632274246801,8.21592200208995,8.21592200208995,0,-0.150400740378061,-0.150400740378061,0
FA3,15,3,Slow AI · Reallocated shares · Expansive labor,outlays_tax_credits,1.45311266812115,1.45311266812115,1.45311266812115,1.45311266812115,0,0,0,0
FA3,15,4,Slow AI · Reallocated shares · Expansive labor,revenues_corp_tax,0,0,0,0,0,0,0,0
FA3,15,5,Slow AI · Reallocated shares · Expansive labor,revenues_estate_tax,0,0,0,0,0,0,0,0
FA3,15,6,Slow AI · Reallocated shares · Expansive labor,revenues_income_tax,12.6572121884519,12.6572121884519,12.6572121884519,12.6572121884519,0,0,0,0
FA3,15,7,Slow AI · Reallocated shares · Expansive labor,revenues_other,0,0,0,0,0,0,0,0
FA3,15,8,Slow AI · Reallocated shares · Expansive labor,revenues_payroll_tax,-7.93797064299088,-7.93797064299088,-7.93797064299088,-7.93797064299088,0,0,0,0
FA3,15,9,Slow AI · Reallocated shares · Expansive labor,revenues_vat,0,0,0,0,0,0,0,0
FA3,15,10,Slow AI · Reallocated shares · Expansive labor,total,3.26612887733972,3.26612887733972,3.26612887733972,3.26612887733972,0,0,0,0
FA3,15,11,Slow AI · Reallocated shares · Expansive labor,total_capital,11.8507249604036,11.8507249604036,11.8507249604036,11.8507249604036,0,0,0,0
FA3,15,12,Slow AI · Reallocated shares · Expansive labor,total_interaction,-0.00433862614409009,-0.00433862614409009,-0.00433862614409009,-0.00433862614409009,0,0,0,0
FA3,15,13,Slow AI · Reallocated shares · Expansive labor,total_labor,-8.58025745691975,-8.58025745691975,-8.58025745691975,-8.58025745691975,0,0,0,0
FA3,15,14,Slow AI · Reallocated shares · Expansive labor,total_with_macro_cit,11.6324516198077,11.6324516198077,11.4820508794297,11.4820508794297,0,-0.150400740378,-0.150400740378,0
FA3,15,15,Slow AI · Reallocated shares · Expansive labor,delta_Y,19.4883121339044,19.4883121339044,19.4883121339044,19.4883121339044,0,0,0,0
FA4,7,10,blsmm_baseline,Δ.Revenue-to-GDP.vs.CBO.(pp),0,0,0,0,0,0,0,0
FA4,7,11,blsmm_baseline,Productivity.Bump.(pp/yr),0,0,0,0,0,0,0,0
FA4,7,12,blsmm_baseline,GDP.Growth.g*.(%),2.05628646645455,2.05628646645455,2.05628646645455,2.05628646645455,0,0,0,0
FA4,7,13,blsmm_baseline,Annualized.Growth.(2025–Year),0.0192829240109289,0.0192829240109289,0.0192829240109289,0.0192829240109289,0,0,0,0
FA4,7,14,blsmm_baseline,Real.GDP.Growth.(Year),0.0181200848684659,0.0181200848684659,0.0181200848684659,0.0181200848684659,0,0,0,0
FA4,7,15,blsmm_baseline,Federal.Revenue.Path.rgfr*.(%),17.6430302673608,17.6430302673608,17.6430302673608,17.6430302673608,0,0,0,0
FA4,7,16,blsmm_baseline,rgfop*.(%),19.7002691264359,19.7002691264359,19.7002691264359,19.7002691264359,0,0,0,0
FA4,7,17,blsmm_baseline,Debt.($B),40202.2691888061,40202.2691888061,40202.2691888061,40202.2691888061,0,0,0,0
FA4,7,18,blsmm_baseline,Nominal.GDP.($B),37445.0828604847,37445.0828604847,37445.0828604847,37445.0828604847,0,0,0,0
FA4,7,19,blsmm_baseline,Debt-to-GDP.(%),107.36328008298,107.36328008298,107.36328008298,107.36328008298,0,0,0,0
FA4,7,20,blsmm_baseline,Δ.Debt-to-GDP.vs.Baseline.(pp),0,0,0,0,0,0,0,0
FA4,8,9,ai_M_F_S0_V1,AI.GDP.CAGR.Target,0.026,0.026,0.026,0.026,0,0,0,0
FA4,8,10,ai_M_F_S0_V1,Δ.Revenue-to-GDP.vs.CBO.(pp),-0.148558309057403,-0.148558309057403,-0.147224992003586,-0.147224992003586,0,0.00133331705381701,0.00133331705381701,0
FA4,8,11,ai_M_F_S0_V1,Productivity.Bump.(pp/yr),0.683660008499217,0.683660008499217,0.683680125187522,0.683680125187522,0,2.01166883049275e-05,2.01166883049275e-05,0
FA4,8,12,ai_M_F_S0_V1,GDP.Growth.g*.(%),2.74322307232682,2.74322307232682,2.74324328542894,2.74324328542894,0,2.02131021200813e-05,2.02131021200813e-05,0
FA4,8,13,ai_M_F_S0_V1,Annualized.Growth.(2025–Year),0.0259999999925518,0.0259999999925518,0.0259999999975653,0.0259999999975653,0,5.01350003179191e-12,5.01350003179191e-12,0
FA4,8,14,ai_M_F_S0_V1,Real.GDP.Growth.(Year),0.0251915636891986,0.0251915636891986,0.0251921548070868,0.0251921548070868,0,5.91117888200377e-07,5.91117888200377e-07,0
FA4,8,15,ai_M_F_S0_V1,Federal.Revenue.Path.rgfr*.(%),17.4944719583034,17.4944719583034,17.4958052753572,17.4958052753572,0,0.00133331705379902,0.00133331705379902,0
FA4,8,16,ai_M_F_S0_V1,rgfop*.(%),19.0740365586506,19.0740365586506,19.0740181317642,19.0740181317642,0,-1.84268864025228e-05,-1.84268864025228e-05,0
FA4,8,17,ai_M_F_S0_V1,Debt.($B),39889.4428134478,39889.4428134478,39887.768495108,39887.768495108,0,-1.67431833979936,-1.67431833979936,0
FA4,8,18,ai_M_F_S0_V1,Nominal.GDP.($B),38666.9803218121,38666.9803218121,38666.8898495812,38666.8898495812,0,-0.0904722308987402,-0.0904722308987402,0
FA4,8,19,ai_M_F_S0_V1,Debt-to-GDP.(%),103.161515281156,103.161515281156,103.157426548337,103.157426548337,0,-0.00408873281899957,-0.00408873281899957,0
FA4,8,20,ai_M_F_S0_V1,Δ.Debt-to-GDP.vs.Baseline.(pp),-4.20176480182364,-4.20176480182364,-4.20585353464321,-4.20585353464321,0,-0.00408873281956978,-0.00408873281956978,0
FA4,9,9,ai_M_F_S2_V1,AI.GDP.CAGR.Target,0.026,0.026,0.026,0.026,0,0,0,0
FA4,9,10,ai_M_F_S2_V1,Δ.Revenue-to-GDP.vs.CBO.(pp),-0.201752970943184,-0.201752970943184,-0.200419653889367,-0.200419653889367,0,0.00133331705381701,0.00133331705381701,0
FA4,9,11,ai_M_F_S2_V1,Productivity.Bump.(pp/yr),0.682857390632746,0.682857390632746,0.682877509815597,0.682877509815597,0,2.01191828510527e-05,2.01191828510527e-05,0
FA4,9,12,ai_M_F_S2_V1,GDP.Growth.g*.(%),2.74241660773014,2.74241660773014,2.74243682333879,2.74243682333879,0,2.02156086501759e-05,2.02156086501759e-05,0
FA4,9,13,ai_M_F_S2_V1,Annualized.Growth.(2025–Year),0.0259999999790508,0.0259999999790508,0.0260000000087188,0.0260000000087188,0,2.96679972255909e-11,2.96679972255909e-11,0
FA4,9,14,ai_M_F_S2_V1,Real.GDP.Growth.(Year),0.025167981776919,0.025167981776919,0.0251685728140791,0.0251685728140791,0,5.91037160099089e-07,5.91037160099089e-07,0
FA4,9,15,ai_M_F_S2_V1,Federal.Revenue.Path.rgfr*.(%),17.4412772964176,17.4412772964176,17.4426106134714,17.4426106134714,0,0.00133331705379902,0.00133331705379902,0
FA4,9,16,ai_M_F_S2_V1,rgfop*.(%),19.0747717566163,19.0747717566163,19.0747533274448,19.0747533274448,0,-1.84291715008555e-05,-1.84291715008555e-05,0
FA4,9,17,ai_M_F_S2_V1,Debt.($B),39956.2480542827,39956.2480542827,39954.5734478405,39954.5734478405,0,-1.67460644220409,-1.67460644220409,0
FA4,9,18,ai_M_F_S2_V1,Nominal.GDP.($B),38670.5898664454,38670.5898664454,38670.4993985447,38670.4993985447,0,-0.0904679006998776,-0.0904679006998776,0
FA4,9,19,ai_M_F_S2_V1,Debt-to-GDP.(%),103.324640747083,103.324640747083,103.320552020965,103.320552020965,0,-0.00408872611799893,-0.00408872611799893,0
FA4,9,20,ai_M_F_S2_V1,Δ.Debt-to-GDP.vs.Baseline.(pp),-4.03863933589642,-4.03863933589642,-4.04272806201463,-4.04272806201463,0,-0.00408872611821032,-0.00408872611821032,0
FA4,10,9,ai_M_F_S3_V1,AI.GDP.CAGR.Target,0.026,0.026,0.026,0.026,0,0,0,0
FA4,10,10,ai_M_F_S3_V1,Δ.Revenue-to-GDP.vs.CBO.(pp),-0.0913881282996021,-0.0913881282996021,-0.090054811245785,-0.090054811245785,0,0.0013333170538171,0.0013333170538171,0
FA4,10,11,ai_M_F_S3_V1,Productivity.Bump.(pp/yr),0.684522650605378,0.684522650605378,0.684542769223703,0.684542769223703,0,2.01186183250712e-05,2.01186183250712e-05,0
FA4,10,12,ai_M_F_S3_V1,GDP.Growth.g*.(%),2.74408984884307,2.74408984884307,2.74411006388449,2.74411006388449,0,2.02150414203572e-05,2.02150414203572e-05,0
FA4,10,13,ai_M_F_S3_V1,Annualized.Growth.(2025–Year),0.026000000008817,0.026000000008817,0.0259999999952918,0.0259999999952918,0,-1.35252017918752e-11,-1.35252017918752e-11,0
FA4,10,14,ai_M_F_S3_V1,Real.GDP.Growth.(Year),0.0252169107027416,0.0252169107027416,0.0252175018065361,0.0252175018065361,0,5.91103794501946e-07,5.91103794501946e-07,0
FA4,10,15,ai_M_F_S3_V1,Federal.Revenue.Path.rgfr*.(%),17.5516421390612,17.5516421390612,17.552975456115,17.552975456115,0,0.00133331705379902,0.00133331705379902,0
FA4,10,16,ai_M_F_S3_V1,rgfop*.(%),19.0732463784814,19.0732463784814,19.073227949827,19.073227949827,0,-1.84286543998269e-05,-1.84286543998269e-05,0
FA4,10,17,ai_M_F_S3_V1,Debt.($B),39817.6577279583,39817.6577279583,39815.9837247309,39815.9837247309,0,-1.67400322740286,-1.67400322740286,0
FA4,10,18,ai_M_F_S3_V1,Nominal.GDP.($B),38663.1012949494,38663.1012949494,38663.0108341294,38663.0108341294,0,-0.090460819999862,-0.090460819999862,0
FA4,10,19,ai_M_F_S3_V1,Debt-to-GDP.(%),102.986197160443,102.986197160443,102.982108391786,102.982108391786,0,-0.00408876865699881,-0.00408876865699881,0
FA4,10,20,ai_M_F_S3_V1,Δ.Debt-to-GDP.vs.Baseline.(pp),-4.3770829225371,-4.3770829225371,-4.38117169119441,-4.38117169119441,0,-0.00408876865731056,-0.00408876865731056,0
FA4,11,9,ai_M_R_S0_V1,AI.GDP.CAGR.Target,0.026,0.026,0.026,0.026,0,0,0,0
FA4,11,10,ai_M_R_S0_V1,Δ.Revenue-to-GDP.vs.CBO.(pp),-0.341006535077831,-0.318468770530453,-0.340566004540868,-0.317923206285625,0.022537764547378,0.000440530536963024,0.023083328792206,0.000105033707865021
FA4,11,11,ai_M_R_S0_V1,Productivity.Bump.(pp/yr),0.680756477697625,0.68109648626412,0.680763123855142,0.68110471768988,0.000340008566494965,6.64615751699849e-06,0.000348239992254973,1.58526824300953e-06
FA4,11,12,ai_M_R_S0_V1,GDP.Growth.g*.(%),2.74030562568799,2.7406472638235,2.74031230369873,2.74065553470024,0.000341638135509914,6.67801073994667e-06,0.000349909012249849,1.59286599998865e-06
FA4,11,13,ai_M_R_S0_V1,Annualized.Growth.(2025–Year),0.0259999999844491,0.0260000000036817,0.0259999999930538,0.0259999999969089,1.92325981529518e-11,8.60470028563043e-12,1.24597970829754e-11,-1.53775013556068e-11
FA4,11,14,ai_M_R_S0_V1,Real.GDP.Growth.(Year),0.0251062596763245,0.0251162481468636,0.0251064550559033,0.0251164899936909,9.98847053909971e-06,1.95379578800392e-07,1.02303173664005e-05,4.64672485003814e-08
FA4,11,15,ai_M_R_S0_V1,Federal.Revenue.Path.rgfr*.(%),17.302023732283,17.3245614968303,17.3024642628199,17.3251070610752,0.0225377645472982,0.000440530536899075,0.0230833287922003,0.000105033708003077
FA4,11,16,ai_M_R_S0_V1,rgfop*.(%),19.0766961928649,19.076384745018,19.0766901049846,19.076377205032,-0.000311447846900848,-6.08788030120877e-06,-0.00031898783290174,-1.45210569968413e-06
FA4,11,17,ai_M_R_S0_V1,Debt.($B),40131.1862089296,40102.8676323021,40130.6326641513,40102.1821610345,-28.3185766274983,-0.553544778296782,-29.0040478950978,-0.131926489302714
FA4,11,18,ai_M_R_S0_V1,Nominal.GDP.($B),38680.0402145173,38678.5105838144,38680.0103122828,38678.473559463,-1.52963070289843,-0.0299022344988771,-1.56665505430283,-0.00712211690552067
FA4,11,19,ai_M_R_S0_V1,Debt-to-GDP.(%),103.751666198805,103.682554025448,103.750315318318,103.68088104455,-0.0691121733569986,-0.00135088048699572,-0.0707851542549918,-0.00032210041099745
FA4,11,20,ai_M_R_S0_V1,Δ.Debt-to-GDP.vs.Baseline.(pp),-3.61161388417453,-3.68072605753159,-3.61296476466215,-3.68239903843002,-0.0691121733570599,-0.00135088048761967,-0.0707851542554896,-0.000322100410810045
FA4,12,9,ai_M_R_S2_V1,AI.GDP.CAGR.Target,0.026,0.026,0.026,0.026,0,0,0,0
FA4,12,10,ai_M_R_S2_V1,Δ.Revenue-to-GDP.vs.CBO.(pp),-0.39343495744554,-0.370985192362636,-0.392994426908574,-0.370439628117808,0.022449765082904,0.000440530536966022,0.022995329327732,0.000105033707861968
FA4,12,11,ai_M_R_S2_V1,Productivity.Bump.(pp/yr),0.679965559137567,0.680304226541346,0.679972205708062,0.680312455264255,0.00033866740377908,6.64657049509465e-06,0.000346896126688034,1.58215241385928e-06
FA4,12,12,ai_M_R_S2_V1,GDP.Growth.g*.(%),2.73951091646933,2.73985120701432,2.73951759489504,2.73985947517528,0.000340290544990296,6.67842571022703e-06,0.000348558705950186,1.58973524966299e-06
FA4,12,13,ai_M_R_S2_V1,Annualized.Growth.(2025–Year),0.025999999993833,0.0260000000071574,0.0259999999848513,0.0259999999795177,1.332439714119e-11,-8.98170079977056e-12,-1.43153024156906e-11,-1.86579987571101e-11
FA4,12,14,ai_M_R_S2_V1,Real.GDP.Growth.(Year),0.0250830258410366,0.0250929742832564,0.0250832209707677,0.0250932159873469,9.94844221980165e-06,1.95129731098836e-07,1.01901463103009e-05,4.6574359400392e-08
FA4,12,15,ai_M_R_S2_V1,Federal.Revenue.Path.rgfr*.(%),17.2495953099153,17.2720450749982,17.2500358404522,17.272590639243,0.0224497650829001,0.000440530536899075,0.0229953293276992,0.000105033707900049
FA4,12,16,ai_M_R_S2_V1,rgfop*.(%),19.0774206742659,19.077110454924,19.0774145860073,19.0771029174139,-0.000310219341898232,-6.088258597714e-06,-0.000317756851998752,-1.44925150280528e-06
FA4,12,17,ai_M_R_S2_V1,Debt.($B),40197.0702416694,40168.8574307987,40196.5166035945,40168.1718420757,-28.2128108706966,-0.553638074896298,-28.8983995936942,-0.131950648101338
FA4,12,18,ai_M_R_S2_V1,Nominal.GDP.($B),38683.5986842421,38682.0749262409,38683.5687834169,38682.0378896213,-1.52375800119626,-0.0299008251968189,-1.56079462079651,-0.00713579440343892
FA4,12,19,ai_M_R_S2_V1,Debt-to-GDP.(%),103.912437334957,103.843595534606,103.911086458047,103.841922591294,-0.0688418003510094,-0.0013508769100099,-0.0705147436630114,-0.000322066401992061
FA4,12,20,ai_M_R_S2_V1,Δ.Debt-to-GDP.vs.Baseline.(pp),-3.45084274802267,-3.51968454837417,-3.4521936249327,-3.52135749168555,-0.0688418003514997,-0.00135087691002989,-0.0705147436628799,-0.000322066401350352
FA4,13,9,ai_M_R_S3_V1,AI.GDP.CAGR.Target,0.026,0.026,0.026,0.026,0,0,0,0
FA4,13,10,ai_M_R_S3_V1,Δ.Revenue-to-GDP.vs.CBO.(pp),-0.284616104485266,-0.261968407821089,-0.2841755739483,-0.261422843576262,0.022647696664177,0.000440530536965966,0.023193260909004,0.000105033707861024
FA4,13,11,ai_M_R_S3_V1,Productivity.Bump.(pp/yr),0.681607207302063,0.681948891750827,0.681613852736103,0.681957121290771,0.000341684448763924,6.64543403994244e-06,0.000349913988707984,1.58410590411773e-06
FA4,13,12,ai_M_R_S3_V1,GDP.Growth.g*.(%),2.74116043260915,2.74150375465898,2.74116710989296,2.7415120236409,0.000343322049829897,6.67728380987498e-06,0.000351591031749976,1.59169811020377e-06
FA4,13,13,ai_M_R_S3_V1,Annualized.Growth.(2025–Year),0.0260000000040048,0.0260000000148333,0.0259999999898926,0.0259999999806146,1.08285012900833e-11,-1.41121975216763e-11,-2.33901994994845e-11,-2.01065032678915e-11
FA4,13,14,ai_M_R_S3_V1,Real.GDP.Growth.(Year),0.0251312519632405,0.025141290231707,0.0251314472468021,0.0251415319984967,1.00382684664994e-05,1.95283561599258e-07,1.02800352561987e-05,4.64832280999694e-08
FA4,13,15,ai_M_R_S3_V1,Federal.Revenue.Path.rgfr*.(%),17.3584141628755,17.3810618595397,17.3588546934125,17.3816074237845,0.0226476966641975,0.000440530536998551,0.0231932609090002,0.000105033707804125
FA4,13,16,ai_M_R_S3_V1,rgfop*.(%),19.0759169245472,19.0756039415922,19.0759108373297,19.0755964033336,-0.000312982955001928,-6.08721749983943e-06,-0.000320521213602376,-1.45104110060856e-06
FA4,13,17,ai_M_R_S3_V1,Debt.($B),40060.3358463092,40031.8843567309,40059.7824033166,40031.1990153855,-28.4514895782995,-0.553442992597411,-29.1368309237005,-0.131898352803546
FA4,13,18,ai_M_R_S3_V1,Nominal.GDP.($B),38676.2131084794,38674.6761319046,38676.1832070932,38674.6391059965,-1.5369765748037,-0.0299013862022548,-1.57400248289923,-0.00712452189327451
FA4,13,19,ai_M_R_S3_V1,Debt-to-GDP.(%),103.578744211455,103.50929435116,103.577393324504,103.507621378628,-0.0694498602950091,-0.00135088695100194,-0.0711228328270011,-0.000322085580990006
FA4,13,20,ai_M_R_S3_V1,Δ.Debt-to-GDP.vs.Baseline.(pp),-3.7845358715247,-3.85398573182022,-3.78588675847625,-3.85565870435232,-0.0694498602955203,-0.00135088695154995,-0.0711228328276201,-0.000322085580549913
FA4,14,9,ai_R_F_S0_V1,AI.GDP.CAGR.Target,0.033,0.033,0.033,0.033,0,0,0,0
FA4,14,10,ai_R_F_S0_V1,Δ.Revenue-to-GDP.vs.CBO.(pp),-0.283540256177145,-0.283540256177145,-0.280963610039997,-0.280963610039997,0,0.00257664613714803,0.00257664613714803,0
FA4,14,11,ai_R_F_S0_V1,Productivity.Bump.(pp/yr),1.39662743424176,1.39662743424176,1.39666661716957,1.39666661716957,0,3.9182927810133e-05,3.9182927810133e-05,0
FA4,14,12,ai_R_F_S0_V1,GDP.Growth.g*.(%),3.45960755796053,3.45960755796053,3.4596469286815,3.4596469286815,0,3.93707209700445e-05,3.93707209700445e-05,0
FA4,14,13,ai_R_F_S0_V1,Annualized.Growth.(2025–Year),0.0330000000117017,0.0330000000117017,0.0329999999830926,0.0329999999830926,0,-2.8609094260279e-11,-2.8609094260279e-11,0
FA4,14,14,ai_R_F_S0_V1,Real.GDP.Growth.(Year),0.0325754763608046,0.0325754763608046,0.0325766285498101,0.0325766285498101,0,1.15218900549607e-06,1.15218900549607e-06,0
FA4,14,15,ai_R_F_S0_V1,Federal.Revenue.Path.rgfr*.(%),17.3594900111837,17.3594900111837,17.3620666573208,17.3620666573208,0,0.00257664613710062,0.00257664613710062,0
FA4,14,16,ai_R_F_S0_V1,rgfop*.(%),18.4209583966705,18.4209583966705,18.4209225051086,18.4209225051086,0,-3.58915619003142e-05,-3.58915619003142e-05,0
FA4,14,17,ai_R_F_S0_V1,Debt.($B),39513.8980566219,39513.8980566219,39510.5846450914,39510.5846450914,0,-3.31341153050016,-3.31341153050016,0
FA4,14,18,ai_R_F_S0_V1,Nominal.GDP.($B),39972.2645009952,39972.2645009952,39972.0837061798,39972.0837061798,0,-0.180794815401896,-0.180794815401896,0
FA4,14,19,ai_R_F_S0_V1,Debt-to-GDP.(%),98.853288773865,98.853288773865,98.8454465759635,98.8454465759635,0,-0.00784219790149621,-0.00784219790149621,0
FA4,14,20,ai_R_F_S0_V1,Δ.Debt-to-GDP.vs.Baseline.(pp),-8.50999130911495,-8.50999130911495,-8.51783350701638,-8.51783350701638,0,-0.00784219790143048,-0.00784219790143048,0
FA4,15,9,ai_R_F_S2_V1,AI.GDP.CAGR.Target,0.033,0.033,0.033,0.033,0,0,0,0
FA4,15,10,ai_R_F_S2_V1,Δ.Revenue-to-GDP.vs.CBO.(pp),-0.385280365831578,-0.385280365831578,-0.38270371969443,-0.38270371969443,0,0.00257664613714798,0.00257664613714798,0
FA4,15,11,ai_R_F_S2_V1,Productivity.Bump.(pp/yr),1.39508028750381,1.39508028750381,1.39511946844769,1.39511946844769,0,3.91809438800017e-05,3.91809438800017e-05,0
FA4,15,12,ai_R_F_S2_V1,GDP.Growth.g*.(%),3.45805299616704,3.45805299616704,3.45809236489456,3.45809236489456,0,3.93687275201948e-05,3.93687275201948e-05,0
FA4,15,13,ai_R_F_S2_V1,Annualized.Growth.(2025–Year),0.0329999999996382,0.0329999999996382,0.0329999999866624,0.0329999999866624,0,-1.29758009892456e-11,-1.29758009892456e-11,0
FA4,15,14,ai_R_F_S2_V1,Real.GDP.Growth.(Year),0.0325299861026989,0.0325299861026989,0.0325311380250382,0.0325311380250382,0,1.1519223393e-06,1.1519223393e-06,0
FA4,15,15,ai_R_F_S2_V1,Federal.Revenue.Path.rgfr*.(%),17.2577499015292,17.2577499015292,17.2603265476664,17.2603265476664,0,0.0025766461372001,0.0025766461372001,0
FA4,15,16,ai_R_F_S2_V1,rgfop*.(%),18.4223755830824,18.4223755830824,18.4223396933378,18.4223396933378,0,-3.58897445984496e-05,-3.58897445984496e-05,0
FA4,15,17,ai_R_F_S2_V1,Debt.($B),39644.7519768505,39644.7519768505,39641.4374689996,39641.4374689996,0,-3.31450785090419,-3.31450785090419,0
FA4,15,18,ai_R_F_S2_V1,Nominal.GDP.($B),39979.4035623777,39979.4035623777,39979.2227469228,39979.2227469228,0,-0.180815454899857,-0.180815454899857,0
FA4,15,19,ai_R_F_S2_V1,Debt-to-GDP.(%),99.1629400248429,99.1629400248429,99.1550979365919,99.1550979365919,0,-0.00784208825099597,-0.00784208825099597,0
FA4,15,20,ai_R_F_S2_V1,Δ.Debt-to-GDP.vs.Baseline.(pp),-8.20034005813699,-8.20034005813699,-8.20818214638805,-8.20818214638805,0,-0.0078420882510617,-0.0078420882510617,0
FA4,16,9,ai_R_F_S3_V1,AI.GDP.CAGR.Target,0.033,0.033,0.033,0.033,0,0,0,0
FA4,16,10,ai_R_F_S3_V1,Δ.Revenue-to-GDP.vs.CBO.(pp),-0.166857854616306,-0.166857854616306,-0.164281208479158,-0.164281208479158,0,0.002576646137148,0.002576646137148,0
FA4,16,11,ai_R_F_S3_V1,Productivity.Bump.(pp/yr),1.39840198010221,1.39840198010221,1.39844116829075,1.39844116829075,0,3.91881885399847e-05,3.91881885399847e-05,0
FA4,16,12,ai_R_F_S3_V1,GDP.Growth.g*.(%),3.46139060873896,3.46139060873896,3.4614299847459,3.4614299847459,0,3.93760069399285e-05,3.93760069399285e-05,0
FA4,16,13,ai_R_F_S3_V1,Annualized.Growth.(2025–Year),0.0330000000049406,0.0330000000049406,0.0330000000102237,0.0330000000102237,0,5.28310034608737e-12,5.28310034608737e-12,0
FA4,16,14,ai_R_F_S3_V1,Real.GDP.Growth.(Year),0.0326276584589438,0.0326276584589438,0.0326288108851633,0.0326288108851633,0,1.15242621949452e-06,1.15242621949452e-06,0
FA4,16,15,ai_R_F_S3_V1,Federal.Revenue.Path.rgfr*.(%),17.4761724127445,17.4761724127445,17.4787490588816,17.4787490588816,0,0.00257664613710062,0.00257664613710062,0
FA4,16,16,ai_R_F_S3_V1,rgfop*.(%),18.4193329126623,18.4193329126623,18.4192970162816,18.4192970162816,0,-3.58963806981194e-05,-3.58963806981194e-05,0
FA4,16,17,ai_R_F_S3_V1,Debt.($B),39363.8791656078,39363.8791656078,39360.5670060724,39360.5670060724,0,-3.31215953540232,-3.31215953540232,0
FA4,16,18,ai_R_F_S3_V1,Nominal.GDP.($B),39964.0781350212,39964.0781350212,39963.8973728804,39963.8973728804,0,-0.180762140800653,-0.180762140800653,0
FA4,16,19,ai_R_F_S3_V1,Debt-to-GDP.(%),98.4981538485999,98.4981538485999,98.4903114899465,98.4903114899465,0,-0.00784235865339156,-0.00784235865339156,0
FA4,16,20,ai_R_F_S3_V1,Δ.Debt-to-GDP.vs.Baseline.(pp),-8.86512623438001,-8.86512623438001,-8.87296859303338,-8.87296859303338,0,-0.00784235865337024,-0.00784235865337024,0
FA4,17,9,ai_R_R_S0_V1,AI.GDP.CAGR.Target,0.033,0.033,0.033,0.033,0,0,0,0
FA4,17,10,ai_R_R_S0_V1,Δ.Revenue-to-GDP.vs.CBO.(pp),-0.757552904199768,-0.679164730909199,-0.757181965927789,-0.678426174659694,0.0783881732905689,0.000370938271978982,0.0791267295400739,0.000367617977526047
FA4,17,11,ai_R_R_S0_V1,Productivity.Bump.(pp/yr),1.38942041792633,1.39061203833022,1.38942605393579,1.39062326594584,0.00119162040388998,5.63600946001941e-06,0.00120284801950987,5.59160615987153e-06
FA4,17,12,ai_R_R_S0_V1,GDP.Growth.g*.(%),3.45236600036662,3.45356333188458,3.45237166338794,3.45357461331113,0.00119733151796009,5.66302131987939e-06,0.00120861294450991,5.61840522994572e-06
FA4,17,13,ai_R_R_S0_V1,Annualized.Growth.(2025–Year),0.033000000005794,0.0330000000114354,0.0329999999735984,0.0329999999967665,5.64140401060342e-12,-3.21956003523916e-11,-9.0275009689833e-12,1.75266953728048e-11
FA4,17,14,ai_R_R_S0_V1,Real.GDP.Growth.(Year),0.0323636079372183,0.0323986320138347,0.0323637735667386,0.0323989620357821,3.50240766164023e-05,1.65629520300359e-07,3.53540985638043e-05,1.64392427101645e-07
FA4,17,15,ai_R_R_S0_V1,Federal.Revenue.Path.rgfr*.(%),16.885477363161,16.9638655364516,16.885848301433,16.9646040927011,0.0783881732905982,0.000370938271998966,0.0791267295400999,0.000367617977502732
FA4,17,16,ai_R_R_S0_V1,rgfop*.(%),18.4275600236154,18.4264684993254,18.4275548610307,18.4264582148295,-0.00109152429000048,-5.16258469929198e-06,-0.00110180878590072,-5.12191120094485e-06
FA4,17,17,ai_R_R_S0_V1,Debt.($B),40123.9219589833,40022.9766350537,40123.4442184663,40022.0256744747,-100.945323929598,-0.47774051700253,-101.896284508599,-0.473220061998291
FA4,17,18,ai_R_R_S0_V1,Nominal.GDP.($B),40005.5340988797,40000.0307959445,40005.5080499554,39999.9789491081,-5.50330293520528,-0.0260489243009943,-5.55514977160055,-0.0257979120942764
FA4,17,19,ai_R_R_S0_V1,Debt-to-GDP.(%),100.295928707791,100.057364553608,100.294799826973,100.055116842423,-0.23856415418301,-0.00112888081800122,-0.240811865368002,-0.00111883036699112
FA4,17,20,ai_R_R_S0_V1,Δ.Debt-to-GDP.vs.Baseline.(pp),-7.06735137518913,-7.3059155293719,-7.06848025600675,-7.30816324055688,-0.23856415418277,-0.00112888081762019,-0.24081186536775,-0.00111883036735971
FA4,18,9,ai_R_R_S2_V1,AI.GDP.CAGR.Target,0.033,0.033,0.033,0.033,0,0,0,0
FA4,18,10,ai_R_R_S2_V1,Δ.Revenue-to-GDP.vs.CBO.(pp),-0.854986673689603,-0.777292648643854,-0.854615735417624,-0.776554092394349,0.0776940250457491,0.000370938271978982,0.078432581295254,0.000367617977525936
FA4,18,11,ai_R_R_S2_V1,Productivity.Bump.(pp/yr),1.3879393895631,1.38912035546348,1.38794502725048,1.38913158131778,0.00118096590037986,5.63768738004455e-06,0.00119219175467999,5.58816692008968e-06
FA4,18,12,ai_R_R_S2_V1,GDP.Growth.g*.(%),3.45087787383533,3.45206449978561,3.45088353854262,3.4520757794424,0.00118662595027974,5.66470728990964e-06,0.00119790560707012,5.61494950046537e-06
FA4,18,13,ai_R_R_S2_V1,Annualized.Growth.(2025–Year),0.03300000000106,0.0329999999983326,0.0329999999901083,0.0329999999773796,-2.72740163786978e-12,-1.09516978819002e-11,-2.36803979203337e-11,-1.00012984005637e-11
FA4,18,14,ai_R_R_S2_V1,Real.GDP.Growth.(Year),0.032320081334005,0.0323547889255573,0.0323202470232533,0.0323551188574007,3.47075915523021e-05,1.65689248300682e-07,3.50375233957034e-05,1.64242595100672e-07
FA4,18,15,ai_R_R_S2_V1,Federal.Revenue.Path.rgfr*.(%),16.7880435936712,16.8657376187169,16.7884145319432,16.8664761749664,0.0776940250456981,0.000370938271998966,0.0784325812951998,0.000367617977502732
FA4,18,16,ai_R_R_S2_V1,rgfop*.(%),18.4289166455961,18.4278348808314,18.4289114814745,18.4278245979488,-0.00108176476469879,-5.16412159967672e-06,-0.00109204764730109,-5.11876100262043e-06
FA4,18,17,ai_R_R_S2_V1,Debt.($B),40249.4292790266,40149.3461024034,40248.951391004,40148.3948390993,-100.0831766232,-0.477888022600382,-101.034439927294,-0.473375281493645
FA4,18,18,ai_R_R_S2_V1,Nominal.GDP.($B),40012.3753197882,40006.9200310863,40012.3492742548,40006.8681748826,-5.45528870190174,-0.0260455334064318,-5.50714490560495,-0.025810670296778
FA4,18,19,ai_R_R_S2_V1,Debt-to-GDP.(%),100.592451603645,100.356003589395,100.591322731708,100.353755919104,-0.236448014250001,-0.00112887193699862,-0.238695684541,-0.00111879835399975
FA4,18,20,ai_R_R_S2_V1,Δ.Debt-to-GDP.vs.Baseline.(pp),-6.77082847933534,-7.00727649358464,-6.77195735127175,-7.00952416387608,-0.2364480142493,-0.00112887193640976,-0.23869568454074,-0.00111879835503004
FA4,19,9,ai_R_R_S3_V1,AI.GDP.CAGR.Target,0.033,0.033,0.033,0.033,0,0,0,0
FA4,19,10,ai_R_R_S3_V1,Δ.Revenue-to-GDP.vs.CBO.(pp),-0.644506630947547,-0.565520513244755,-0.644135692675568,-0.56478195699525,0.078986117702792,0.000370938271978982,0.079724673952297,0.000367617977526047
FA4,19,11,ai_R_R_S3_V1,Productivity.Bump.(pp/yr),1.39113892291695,1.39233975640291,1.39114456174764,1.39235098398685,0.00120083348596012,5.63883068993576e-06,0.00121206106990002,5.58875324996322e-06
FA4,19,12,ai_R_R_S3_V1,GDP.Growth.g*.(%),3.45409274168651,3.45529933044237,3.45409840754261,3.45531061183704,0.00120658875585988,5.66585609984571e-06,0.00121787015052988,5.61553857014729e-06
FA4,19,13,ai_R_R_S3_V1,Annualized.Growth.(2025–Year),0.0330000000329154,0.033000000003399,0.0330000000067261,0.032999999986455,-2.95164032104722e-11,-2.61893007280634e-11,-4.64603980288025e-11,9.24530590973305e-12
FA4,19,14,ai_R_R_S3_V1,Real.GDP.Growth.(Year),0.0324141190847596,0.0324494176977987,0.0324142847317281,0.0324497477140056,3.52986130391017e-05,1.65646968502964e-07,3.56286292459984e-05,1.64369238393747e-07
FA4,19,15,ai_R_R_S3_V1,Federal.Revenue.Path.rgfr*.(%),16.9985236364132,17.077509754116,16.9988945746852,17.0782483103655,0.0789861177028008,0.000370938271998966,0.079724673952299,0.000367617977499179
FA4,19,16,ai_R_R_S3_V1,rgfop*.(%),18.425985873044,18.4248859095709,18.4259807078751,18.424875625104,-0.0010999634730986,-5.16516889703667e-06,-0.00111024793999803,-5.11929800239841e-06
FA4,19,17,ai_R_R_S3_V1,Debt.($B),39978.3534254477,39876.6754982765,39977.8758644658,39875.7248889079,-101.6779271712,-0.477560981897113,-102.6285365398,-0.47304838670243
FA4,19,18,ai_R_R_S3_V1,Nominal.GDP.($B),39997.5977837826,39992.0533424305,39997.5717416129,39992.0014999253,-5.54444135209633,-0.0260421697021229,-5.59628385729593,-0.025800335497479
FA4,19,19,ai_R_R_S3_V1,Debt-to-GDP.(%),99.9518862146699,99.7114980739647,99.9507573177835,99.7092503334258,-0.240388140705193,-0.00112889688639939,-0.242635881244098,-0.00111884365250603
FA4,19,20,ai_R_R_S3_V1,Δ.Debt-to-GDP.vs.Baseline.(pp),-7.41139386831006,-7.65178200901522,-7.41252276519641,-7.65402974955407,-0.240388140705161,-0.00112889688635054,-0.24263588124401,-0.00111884365249892
FA4,20,9,ai_S_F_S0_V1,AI.GDP.CAGR.Target,0.02,0.02,0.02,0.02,0,0,0,0
FA4,20,10,ai_S_F_S0_V1,Δ.Revenue-to-GDP.vs.CBO.(pp),-0.0254857052549629,-0.0254857052549629,-0.0252593550460228,-0.0252593550460228,0,0.000226350208940098,0.000226350208940098,0
FA4,20,11,ai_S_F_S0_V1,Productivity.Bump.(pp/yr),0.07282989908791,0.07282989908791,0.0728332912016984,0.0728332912016984,0,3.39211378840021e-06,3.39211378840021e-06,0
FA4,20,12,ai_S_F_S0_V1,GDP.Growth.g*.(%),2.12946541953578,2.12946541953578,2.12946882790703,2.12946882790703,0,3.40837125012428e-06,3.40837125012428e-06,0
FA4,20,13,ai_S_F_S0_V1,Annualized.Growth.(2025–Year),0.0199999999856091,0.0199999999856091,0.0199999999939684,0.0199999999939684,0,8.3593028332718e-12,8.3593028332718e-12,0
FA4,20,14,ai_S_F_S0_V1,Real.GDP.Growth.(Year),0.0188705028858045,0.0188705028858045,0.0188706025711718,0.0188706025711718,0,9.96853673010389e-08,9.96853673010389e-08,0
FA4,20,15,ai_S_F_S0_V1,Federal.Revenue.Path.rgfr*.(%),17.6175445621058,17.6175445621058,17.6177709123148,17.6177709123148,0,0.000226350209000969,0.000226350209000969,0
FA4,20,16,ai_S_F_S0_V1,rgfop*.(%),19.6335569388714,19.6335569388714,19.6335538316952,19.6335538316952,0,-3.10717620166656e-06,-3.10717620166656e-06,0
FA4,20,17,ai_S_F_S0_V1,Debt.($B),40181.7693932306,40181.7693932306,40181.4908991144,40181.4908991144,0,-0.278494116202637,-0.278494116202637,0
FA4,20,18,ai_S_F_S0_V1,Nominal.GDP.($B),37574.6852115126,37574.6852115126,37574.6702876911,37574.6702876911,0,-0.0149238215017249,-0.0149238215017249,0
FA4,20,19,ai_S_F_S0_V1,Debt-to-GDP.(%),106.938405916224,106.938405916224,106.937707214632,106.937707214632,0,-0.000698701592000361,-0.000698701592000361,0
FA4,20,20,ai_S_F_S0_V1,Δ.Debt-to-GDP.vs.Baseline.(pp),-0.424874166756325,-0.424874166756325,-0.425572868347814,-0.425572868347814,0,-0.000698701591488993,-0.000698701591488993,0
FA4,21,9,ai_S_F_S2_V1,AI.GDP.CAGR.Target,0.02,0.02,0.02,0.02,0,0,0,0
FA4,21,10,ai_S_F_S2_V1,Δ.Revenue-to-GDP.vs.CBO.(pp),-0.0346378988383578,-0.0346378988383578,-0.0344115486294178,-0.0344115486294178,0,0.000226350208939997,0.000226350208939997,0
FA4,21,11,ai_S_F_S2_V1,Productivity.Bump.(pp/yr),0.0726927356922062,0.0726927356922062,0.0726961274288146,0.0726961274288146,0,3.39173660839076e-06,3.39173660839076e-06,0
FA4,21,12,ai_S_F_S2_V1,GDP.Growth.g*.(%),2.12932759875306,2.12932759875306,2.12933100674533,2.12933100674533,0,3.40799227016575e-06,3.40799227016575e-06,0
FA4,21,13,ai_S_F_S2_V1,Annualized.Growth.(2025–Year),0.0200000000002583,0.0200000000002583,0.0199999999845193,0.0199999999845193,0,-1.57390003807656e-11,-1.57390003807656e-11,0
FA4,21,14,ai_S_F_S2_V1,Real.GDP.Growth.(Year),0.0188664753834344,0.0188664753834344,0.0188665749670807,0.0188665749670807,0,9.958364630136e-08,9.958364630136e-08,0
FA4,21,15,ai_S_F_S2_V1,Federal.Revenue.Path.rgfr*.(%),17.6083923685224,17.6083923685224,17.6086187187314,17.6086187187314,0,0.000226350209000969,0.000226350209000969,0
FA4,21,16,ai_S_F_S2_V1,rgfop*.(%),19.6336825805419,19.6336825805419,19.6336794737111,19.6336794737111,0,-3.10683079973728e-06,-3.10683079973728e-06,0
FA4,21,17,ai_S_F_S2_V1,Debt.($B),40193.0299894161,40193.0299894161,40192.7514957645,40192.7514957645,0,-0.278493651596364,-0.278493651596364,0
FA4,21,18,ai_S_F_S2_V1,Nominal.GDP.($B),37575.2885179576,37575.2885179576,37575.2735990816,37575.2735990816,0,-0.0149188759969547,-0.0149188759969547,0
FA4,21,19,ai_S_F_S2_V1,Debt-to-GDP.(%),106.966657009719,106.966657009719,106.965958317725,106.965958317725,0,-0.000698691994003298,-0.000698691994003298,0
FA4,21,20,ai_S_F_S2_V1,Δ.Debt-to-GDP.vs.Baseline.(pp),-0.396623073260784,-0.396623073260784,-0.397321765255398,-0.397321765255398,0,-0.000698691994613976,-0.000698691994613976,0
FA4,22,9,ai_S_F_S3_V1,AI.GDP.CAGR.Target,0.02,0.02,0.02,0.02,0,0,0,0
FA4,22,10,ai_S_F_S3_V1,Δ.Revenue-to-GDP.vs.CBO.(pp),-0.0162341236259994,-0.0162341236259994,-0.0160077734170594,-0.0160077734170594,0,0.000226350208940001,0.000226350208940001,0
FA4,22,11,ai_S_F_S3_V1,Productivity.Bump.(pp/yr),0.0729685533773562,0.0729685533773562,0.0729719461486873,0.0729719461486873,0,3.39277133110105e-06,3.39277133110105e-06,0
FA4,22,12,ai_S_F_S3_V1,GDP.Growth.g*.(%),2.1296047383577,2.1296047383577,2.12960814738965,2.12960814738965,0,3.40903195006348e-06,3.40903195006348e-06,0
FA4,22,13,ai_S_F_S3_V1,Annualized.Growth.(2025–Year),0.0199999999946143,0.0199999999946143,0.0200000000009677,0.0200000000009677,0,6.35339697518944e-12,6.35339697518944e-12,0
FA4,22,14,ai_S_F_S3_V1,Real.GDP.Growth.(Year),0.0188745743566012,0.0188745743566012,0.0188746739586174,0.0188746739586174,0,9.96020161972422e-08,9.96020161972422e-08,0
FA4,22,15,ai_S_F_S3_V1,Federal.Revenue.Path.rgfr*.(%),17.6267961437348,17.6267961437348,17.6270224939437,17.6270224939437,0,0.000226350208897941,0.000226350208897941,0
FA4,22,16,ai_S_F_S3_V1,rgfop*.(%),19.6334299315423,19.6334299315423,19.6334268237637,19.6334268237637,0,-3.10777859979794e-06,-3.10777859979794e-06,0
FA4,22,17,ai_S_F_S3_V1,Debt.($B),40170.3868449224,40170.3868449224,40170.1083594683,40170.1083594683,0,-0.278485454102338,-0.278485454102338,0
FA4,22,18,ai_S_F_S3_V1,Nominal.GDP.($B),37574.0753540371,37574.0753540371,37574.0604308289,37574.0604308289,0,-0.0149232082039816,-0.0149232082039816,0
FA4,22,19,ai_S_F_S3_V1,Debt-to-GDP.(%),106.909847990727,106.909847990727,106.909149287761,106.909149287761,0,-0.000698702966005271,-0.000698702966005271,0
FA4,22,20,ai_S_F_S3_V1,Δ.Debt-to-GDP.vs.Baseline.(pp),-0.453432092252598,-0.453432092252598,-0.454130795219257,-0.454130795219257,0,-0.000698702966658971,-0.000698702966658971,0
FA4,23,9,ai_S_R_S0_V1,AI.GDP.CAGR.Target,0.02,0.02,0.02,0.02,0,0,0,0
FA4,23,10,ai_S_R_S0_V1,Δ.Revenue-to-GDP.vs.CBO.(pp),-0.0822707695848912,-0.0822707695848912,-0.0823070036456097,-0.0823070036456097,0,-3.62340607184958e-05,-3.62340607184958e-05,0
FA4,23,11,ai_S_R_S0_V1,Productivity.Bump.(pp/yr),0.0719788820351838,0.0719788820351838,0.071978338639114,0.071978338639114,0,-5.433960697937e-07,-5.433960697937e-07,0
FA4,23,12,ai_S_R_S0_V1,GDP.Growth.g*.(%),2.12861032378866,2.12861032378866,2.12860977778824,2.12860977778824,0,-5.46000419987536e-07,-5.46000419987536e-07,0
FA4,23,13,ai_S_R_S0_V1,Annualized.Growth.(2025–Year),0.0199999999895371,0.0199999999895371,0.0200000000031326,0.0200000000031326,0,1.35954997260157e-11,1.35954997260157e-11,0
FA4,23,14,ai_S_R_S0_V1,Real.GDP.Growth.(Year),0.0188455148203448,0.0188455148203448,0.0188454989168403,0.0188454989168403,0,-1.5903504499426e-08,-1.5903504499426e-08,0
FA4,23,15,ai_S_R_S0_V1,Federal.Revenue.Path.rgfr*.(%),17.5607594977759,17.5607594977759,17.5607232637152,17.5607232637152,0,-3.62340607011902e-05,-3.62340607011902e-05,0
FA4,23,16,ai_S_R_S0_V1,rgfop*.(%),19.6343364704917,19.6343364704917,19.6343369682425,19.6343369682425,0,4.97750800576569e-07,4.97750800576569e-07,0
FA4,23,17,ai_S_R_S0_V1,Debt.($B),40251.6415476907,40251.6415476907,40251.6861354858,40251.6861354858,0,0.0445877950987779,0.0445877950987779,0
FA4,23,18,ai_S_R_S0_V1,Nominal.GDP.($B),37578.4285916403,37578.4285916403,37578.4309795631,37578.4309795631,0,0.00238792279560585,0.00238792279560585,0
FA4,23,19,ai_S_R_S0_V1,Debt-to-GDP.(%),107.113690104235,107.113690104235,107.113801950317,107.113801950317,0,0.000111846081992439,0.000111846081992439,0
FA4,23,20,ai_S_R_S0_V1,Δ.Debt-to-GDP.vs.Baseline.(pp),-0.249589978745206,-0.249589978745206,-0.249478132663015,-0.249478132663015,0,0.000111846082191003,0.000111846082191003,0
FA4,24,9,ai_S_R_S2_V1,AI.GDP.CAGR.Target,0.02,0.02,0.02,0.02,0,0,0,0
FA4,24,10,ai_S_R_S2_V1,Δ.Revenue-to-GDP.vs.CBO.(pp),-0.0913934496556274,-0.0913934496556274,-0.0914296837163459,-0.0914296837163459,0,-3.62340607184958e-05,-3.62340607184958e-05,0
FA4,24,11,ai_S_R_S2_V1,Productivity.Bump.(pp/yr),0.0718421678274633,0.0718421678274633,0.0718416241189225,0.0718416241189225,0,-5.43708540801102e-07,-5.43708540801102e-07,0
FA4,24,12,ai_S_R_S2_V1,GDP.Growth.g*.(%),2.12847295434675,2.12847295434675,2.12847240803236,2.12847240803236,0,-5.46314390170721e-07,-5.46314390170721e-07,0
FA4,24,13,ai_S_R_S2_V1,Annualized.Growth.(2025–Year),0.0199999999835945,0.0199999999835945,0.0199999999925828,0.0199999999925828,0,8.98830315732013e-12,8.98830315732013e-12,0
FA4,24,14,ai_S_R_S2_V1,Real.GDP.Growth.(Year),0.0188415006548048,0.0188415006548048,0.0188414846906613,0.0188414846906613,0,-1.59641435001912e-08,-1.59641435001912e-08,0
FA4,24,15,ai_S_R_S2_V1,Federal.Revenue.Path.rgfr*.(%),17.5516368177052,17.5516368177052,17.5516005836445,17.5516005836445,0,-3.62340607011902e-05,-3.62340607011902e-05,0
FA4,24,16,ai_S_R_S2_V1,rgfop*.(%),19.634461700706,19.634461700706,19.634462198743,19.634462198743,0,4.98037000085105e-07,4.98037000085105e-07,0
FA4,24,17,ai_S_R_S2_V1,Debt.($B),40262.867909424,40262.867909424,40262.9124978303,40262.9124978303,0,0.0445884063010453,0.0445884063010453,0
FA4,24,18,ai_S_R_S2_V1,Nominal.GDP.($B),37579.0300044955,37579.0300044955,37579.0323915506,37579.0323915506,0,0.00238705510128057,0.00238705510128057,0
FA4,24,19,ai_S_R_S2_V1,Debt-to-GDP.(%),107.141849868417,107.141849868417,107.141961715021,107.141961715021,0,0.000111846603999766,0.000111846603999766,0
FA4,24,20,ai_S_R_S2_V1,Δ.Debt-to-GDP.vs.Baseline.(pp),-0.221430214562915,-0.221430214562915,-0.22131836795927,-0.22131836795927,0,0.000111846603644994,0.000111846603644994,0
FA4,25,9,ai_S_R_S3_V1,AI.GDP.CAGR.Target,0.02,0.02,0.02,0.02,0,0,0,0
FA4,25,10,ai_S_R_S3_V1,Δ.Revenue-to-GDP.vs.CBO.(pp),-0.0730537432937967,-0.0730537432937967,-0.0730899773545152,-0.0730899773545152,0,-3.62340607184958e-05,-3.62340607184958e-05,0
FA4,25,11,ai_S_R_S3_V1,Productivity.Bump.(pp/yr),0.0721170116787752,0.0721170116787752,0.0721164671411194,0.0721164671411194,0,-5.44537655799982e-07,-5.44537655799982e-07,0
FA4,25,12,ai_S_R_S3_V1,GDP.Growth.g*.(%),2.12874911545025,2.12874911545025,2.12874856830276,2.12874856830276,0,-5.47147489982081e-07,-5.47147489982081e-07,0
FA4,25,13,ai_S_R_S3_V1,Annualized.Growth.(2025–Year),0.0200000000202882,0.0200000000202882,0.0200000000002025,0.0200000000002025,0,-2.00856969945207e-11,-2.00856969945207e-11,0
FA4,25,14,ai_S_R_S3_V1,Real.GDP.Growth.(Year),0.0188495706886871,0.0188495706886871,0.0188495547058967,0.0188495547058967,0,-1.59827904001875e-08,-1.59827904001875e-08,0
FA4,25,15,ai_S_R_S3_V1,Federal.Revenue.Path.rgfr*.(%),17.569976524067,17.569976524067,17.5699402900063,17.5699402900063,0,-3.62340606976375e-05,-3.62340606976375e-05,0
FA4,25,16,ai_S_R_S3_V1,rgfop*.(%),19.6342099437382,19.6342099437382,19.6342104425347,19.6342104425347,0,4.98796502768073e-07,4.98796502768073e-07,0
FA4,25,17,ai_S_R_S3_V1,Debt.($B),40240.2994200197,40240.2994200197,40240.3440093889,40240.3440093889,0,0.044589369201276,0.044589369201276,0
FA4,25,18,ai_S_R_S3_V1,Nominal.GDP.($B),37577.8209683877,37577.8209683877,37577.8233558097,37577.8233558097,0,0.00238742199871922,0.00238742199871922,0
FA4,25,19,ai_S_R_S3_V1,Debt-to-GDP.(%),107.085239066607,107.085239066607,107.085350921922,107.085350921922,0,0.000111855314997911,0.000111855314997911,0
FA4,25,20,ai_S_R_S3_V1,Δ.Debt-to-GDP.vs.Baseline.(pp),-0.278041016372569,-0.278041016372569,-0.277929161057557,-0.277929161057557,0,0.000111855315012011,0.000111855315012011,0
T1,10,2,Annual GDP growth under AI (r_ai_annual),(S),0.02,0.02,0.02,0.02,0,0,0,0
T1,10,3,Annual GDP growth under AI (r_ai_annual),(M),0.026,0.026,0.026,0.026,0,0,0,0
T1,10,4,Annual GDP growth under AI (r_ai_annual),(R),0.033,0.033,0.033,0.033,0,0,0,0
T1,11,2,2030 capital share (theta_1_K),(S),0.45,0.45,0.45,0.45,0,0,0,0
T1,11,3,2030 capital share (theta_1_K),(M),0.462,0.46,0.462,0.46,-0.002,0,-0.002,0
T1,11,4,2030 capital share (theta_1_K),(R),0.487,0.48,0.487,0.48,-0.00700000000000001,0,-0.00700000000000001,0
T1,12,2,2030 labor share (theta_1_L),(S),0.55,0.55,0.55,0.55,0,0,0,0
T1,12,3,2030 labor share (theta_1_L),(M),0.538,0.54,0.538,0.54,0.002,0,0.002,0
T1,12,4,2030 labor share (theta_1_L),(R),0.513,0.52,0.513,0.52,0.00700000000000001,0,0.00700000000000001,0
T1,15,2,GDP                  (g_y),(S),0.00590936399475561,0.00590936399475561,0.00590936399475561,0.00590936399475561,0,0,0,0
T1,15,3,GDP                  (g_y),(M),0.0358450525211245,0.0358450525211245,0.0358450525211245,0.0358450525211245,0,0,0,0
T1,15,4,GDP                  (g_y),(R),0.0716663637828425,0.0716663637828425,0.0716663637828425,0.0716663637828425,0,0,0,0
T1,16,2,Capital              (g_k),(S),0.0172117163991912,0.0172117163991912,0.0172117163991912,0.0172117163991912,0,0,0,0
T1,16,3,Capital              (g_k),(M),0.0754166612691227,0.0707611778870052,0.0754166612691227,0.0707611778870052,-0.00465548338211751,0,-0.00465548338211751,0
T1,16,4,Capital              (g_k),(R),0.172812402611785,0.155954729473628,0.172812402611785,0.155954729473628,-0.016857673138157,0,-0.016857673138157,0
T1,17,2,Labor                (L_1/L_0 - 1),(S),-0.00315288252772006,-0.00315288252772006,-0.00315288252772006,-0.00315288252772006,0,0,0,0
T1,17,3,Labor                (L_1/L_0 - 1),(M),0.00411646532678422,0.00784924029082745,0.00411646532678422,0.00784924029082745,0.00373277496404323,0,0.00373277496404323,0
T1,17,4,Labor                (L_1/L_0 - 1),(R),-0.00943271239531995,0.00408380030104216,-0.00943271239531995,0.00408380030104216,0.0135165126963621,0,0.0135165126963621,0
T1,20,2,Compressive,(S),0.994090636005244,0.994090636005244,0.994090636005244,0.994090636005244,0,0,0,0
T1,20,3,Compressive,(M),0.964154947478876,0.964154947478876,0.964154947478876,0.964154947478876,0,0,0,0
T1,20,4,Compressive,(R),0.928333636217157,0.928333636217157,0.928333636217157,0.928333636217157,0,0,0,0
T1,21,2,Proportional,(S),1,1,1,1,0,0,0,0
T1,21,3,Proportional,(M),1,1,1,1,0,0,0,0
T1,21,4,Proportional,(R),1,1,1,1,0,0,0,0
T1,22,2,Expansive,(S),1.00590936399476,1.00590936399476,1.00590936399476,1.00590936399476,0,0,0,0
T1,22,3,Expansive,(M),1.03584505252112,1.03584505252112,1.03584505252112,1.03584505252112,0,0,0,0
T1,22,4,Expansive,(R),1.07166636378284,1.07166636378284,1.07166636378284,1.07166636378284,0,0,0,0
